04/01/2022;1;6,4;6,6;7,2;7,2;6,8;6,6;9;7,2;7,2;6,4;7,2;6,8;6,8;6,2;9;7,4;6,2;7;6,8;6,8;7,4;6,8;7;7,2;7,6;8,4;9;7;6,8;6,8;6,6;6,6
04/01/2022;2;6,6;7,2;7,6;7,8;8,8;7;6,8;7;8,8;6,8;9,4;6,6;7,4;7,4;7;7;6,6;6,6;9;9,2;8,8;6,6;6,6;6,6;7,4;7,6;8;8;6,6;6,8;7;7,2
04/01/2022;3;8,6;8,2;6,8;7,8;6,8;6,6;6,8;6,8;8;7,6;8,4;9,8;7,8;8,4;8,6;7,6;8,4;9,8;7,4;7,6;8,2;7;6,8;8;7,6;7;7,4;6,6;7,4;9;8,6;8
04/01/2022;4;7;7,4;6,8;7,4;9;7;8,4;7,6;7,8;8,6;7,8;8,4;8,6;8;7,8;8,2;8,4;7,6;7,6;7,8;6,8;6,6;6,8;6,8;8;7,6;8,6;7;7,2;7,8;7,8;7,8
04/01/2022;5;6,8;8,6;7;7,2;7,8;8;7,6;8,4;9,8;6,6;7,4;9;7;6,8;8,2;7,6;7;6,8;7,8;7,4;8,2;8,6;7,8;7,6;8,4;6,8;7,4;6,6;7,2;6,8;7,8;7,6
04/01/2022;6;7,4;6,8;8;6,2;6,8;6,6;6;6,6;6,8;7,6;9;7,4;6,2;8,2;6,8;6,8;8,2;6,4;7,4;6,6;7,8;6;6,8;9,4;6;6,8;8,6;7;6,8;6,8;6,8;8,8
05/01/2022;1;7;6,4;8,2;7;7;7;6,8;7,8;7;8;6,8;6,2;7,4;9;6,4;6,8;6,8;6,6;6,4;8,8;7;9,6;7;8,2;7;7,8;7,8;6,6;6,6;7,4;7,2;6,2
05/01/2022;2;7,6;7;8,8;9,4;7,4;6,8;7;7,8;7,6;7,2;7,6;7,2;7,6;7,2;7,6;6,8;6,8;6,8;9;8;7,2;7,4;7;7,4;7,2;6,6;8,6;7;6,8;7,8;7,6;7,2
05/01/2022;3;7,4;8,6;7,2;7,4;6,8;8;7;7;7,6;7,6;7,2;6,8;7,6;7,2;6,8;7,6;7,2;6,8;7,6;8;7,6;6,8;7,4;6,8;8;7,4;7,2;7,2;6,8;7,4;7,2;9,6
05/01/2022;4;8,4;7,4;6,8;6,8;7;9,4;7,6;7;6,8;6,8;7,4;7,2;7,4;6,8;7,2;8,6;7;7,4;7,2;6,8;7;8;7,4;7,8;7,6;8,4;6,8;7,6;7,4;7,6;7,2;7
05/01/2022;5;8;8,8;7,2;7,4;6,8;7,2;7,8;7,4;7,2;6,6;6,6;6,8;7;7,4;6,8;7,6;6,8;8,2;7,2;6,8;7;6,8;7;7,2;7,8;7,4;7,2;6,8;6,2;7,6;6,8;6,8
05/01/2022;6;7,4;7,2;7;8;9,8;7;8,4;7,4;7,2;7,4;6,8;7,4;6,8;7,6;7,2;7;7,6;6,8;6,8;6,8;6,8;6,6;6,4;6,8;6,8;7,4;7,6;6,8;7,4;7;6,8;6,8
18/01/2022;2;7,4;8,8;9;7,6;7,4;7,2;7;7,4;7,6;12;9,6;7,8;7,2;9;9;7,8;8,8;7,6;7,4;6,8;7,2;6,8;7,6;7,6;7,8;7;8,6;7;7;8,4;8,6;6,8
18/01/2022;3;8,6;7,8;7,8;9,2;8;11;8;7,2;7,4;6,8;6,6;7,2;7,8;6,8;6,6;7,2;7,8;6,8;8,4;7,6;8;7;7,4;7,8;8,6;7,6;7;7;6,8;7,6;7,8;7,8
18/01/2022;4;7,8;8;7,6;7,4;8;8;7,8;8,6;7,4;7,6;8,6;9;6,8;8,2;8,4;7,2;7,4;7,2;8,2;7;8,6;7;6,8;7,4;8,6;7,4;8,6;7,4;7;8;7,6;8,6
18/01/2022;5;8,4;8,2;8,6;7,6;8,2;7,2;8;7,8;9;7,8;9,4;8,6;7;7,4;8,4;8;8;7,8;9;9,2;7,4;7,8;8,2;7,4;7,6;8;8,2;7,8;6,8;9,4;7,4;7,8
18/01/2022;6;7,6;7,2;6,8;7,8;7,4;6,8;7;7,4;6,8;7;7,4;7,2;7,2;7,8;6,8;7,8;6,8;7,4;6,8;7,6;7;7,2;7,2;6,8;7;7,2;9;6,8;8,4;6,8;8;7,4
19/01/2022;1;9;9,6;7,4;9;8,6;8,4;8;7,8;8,6;9,6;8,4;7,8;9,4;10;8,2;10;7;8;9,4;10;8;9,8;8,4;10;10;10;8,6;8;7,8;9;7,6;7,6
19/01/2022;3;8,2;8,2;8,2;8,4;7,2;8;7,6;8,4;8,4;8,8;7,8;8,6;8,6;7,8;7,4;8;7,4;9;9,6;7,8;8,4;8,2;9;8;7,4;8,2;7,8;8,2;7,8;7,6;8;9
19/01/2022;4;8,2;7,4;8,2;7,8;7,2;8,2;7,4;7;9,6;8,6;9;7;9;7,8;7,2;7,6;8;7;7,2;7;9,8;9;8,6;9,2;7,4;7,2;7,2;8,2;7;8;7;7,6
19/01/2022;5;8,4;8,2;7,6;7,6;8,4;6,8;7,6;7;7,8;7,6;7,4;7;8;8,4;7,8;7,4;7,8;7;7,6;7,4;7,4;7,4;7,2;7,2;9,4;7;7,4;7,6;8,6;7;7,6;7
19/01/2022;6;8,8;7,8;7,4;7,2;7,4;7,2;7;7;8,2;7,2;8,2;8,6;7;8;9,4;7,8;8,4;9;7,8;7;8,2;8,6;7,8;7;7;7,4;7;8;9,4;9,4;7,8;7,6
20/01/2022;1;6,6;7,2;7,6;7,8;8,8;7;6,8;7;8,8;6,8;9,4;6,6;7,4;7,4;7;7;6,6;6,6;9;9,2;8,8;6,6;6,6;6,6;7,4;7,6;8;8;6,6;6,8;7;7,2
20/01/2022;3;8,6;8,2;6,8;7,8;6,8;6,6;6,8;6,8;8;7,6;8,4;9,8;7,8;8,4;8,6;7,6;8,4;9,8;7,4;7,6;8,2;7;6,8;8;7,6;7;7,4;6,6;7,4;9;8,6;8
20/01/2022;4;7;7,4;6,8;7,4;9;7;8,4;7,6;7,8;8,6;7,8;8,4;8,6;8;7,8;8,2;8,4;7,6;7,6;7,8;6,8;6,6;6,8;6,8;8;7,6;8,6;7;7,2;7,8;7,8;7,8
20/01/2022;5;6,8;9,4;7,2;6,8;7,2;8;6,8;7;6,8;7;6,8;6,8;6,8;6,4;7,6;7,4;6,8;7,2;7,2;8,6;7;7;7;7,8;6,8;6,8;6,6;9,2;8,8;7;6,6;6,8
20/01/2022;6;8;8,6;7,8;6,6;6,8;6,8;6,6;7,2;7,4;6,6;6,6;6,8;7;7,2;6,8;6,8;7,2;6,8;7,6;7,2;6,8;6,8;8,6;7,4;6,8;6,8;6,8;6,6;7,2;7,4;8,6;7,2
21/01/2022;1;7,4;6,8;9,2;7;6,8;6,2;8,6;6,8;6,6;7,2;6,8;8,2;6,8;6,6;6,8;6,8;6,8;7,4;8,2;6,8;6,2;7,2;6,6;6,2;7,2;6,6;6,4;6,4;6,6;7,2;7,2;6,8
21/01/2022;2;7,6;8,4;6,8;6,4;7,2;6,8;6,8;7;6,8;6,6;6,8;6,6;6,8;7,4;7;6,8;7,4;8,2;6,8;6,6;7,2;6,6;6,6;6,6;6,4;6,4;6,6;7,2;7,4;6,8;9,2;7
21/01/2022;3;6,2;8,6;6,8;6,6;7,2;6,8;8,2;6,8;6,6;7;6,8;7,4;8,2;6,8;6,2;7,2;6,6;6,4;6,6;7,2;7,4;6,8;9,2;7;6,6;6,8;7,4;7;6,8;7,4;8,2;6,8
21/01/2022;4;8,8;6,2;6,6;6,4;6,4;6,6;7,2;7,4;6,8;6,8;7,4;8,2;6,8;6,6;7,2;8,6;7,4;7,2;6,8;6,8;6,8;8,2;6,8;6,6;6,8;7,4;7;6,8;7,4;7,6;7,8;8
21/01/2022;5;6,6;6,6;6,4;6,4;7;7,2;6;6,4;9;6,2;9,2;7;6,8;6,2;8,6;6,8;6,6;7,2;6,8;6,8;9,2;7;6,6;6,8;7,4;7;6,8;7,4;8,2;6,8;6,8;7,2
24/01/2022;2;8;9;7,2;7,6;8;8,2;8,4;7,8;8,2;8,6;7,4;7,8;9;7,8;8,4;8;9,6;8,8;8;8;7,8;8,8;7,8;12;7,4;8,8;7,6;8,4;8,2;8,2;9;8,4
24/01/2022;3;8,4;8,2;8,2;8;9;7,2;7,6;8;8,2;8,6;7,4;7,8;9;7,8;8,4;8;7,4;8,8;7,6;8,4;8,2;8,2;8;8,4;8,2;8,2;8;9;16;7,6;8,6;8
24/01/2022;4;8,4;8,2;8,2;8;9;14;7,6;8;8,8;7,8;11;7,4;8,8;7,6;8,4;8,2;7,4;8,8;7,6;8,4;8,2;8,2;8;8,4;8,2;8,2;8;9;7,2;7,6;9,8;9,6
24/01/2022;5;8;8;7,8;8,8;7,8;11;7,4;7,6;8;8,2;8,2;9;8,4;8,4;8,2;8;8,2;8,2;9;8,4;8;7,8;8,8;7,8;18;7,4;8;8,2;8,8;9;8,6;7,8
24/01/2022;6;8,4;8,2;8,2;8;9;7,2;7,6;8;7,8;8,6;9,2;8,4;8,2;8,2;8;9;18;7,6;8;8;8,2;8,2;9;8,4;8;8;8,8;8,8;7,8;12;7,4;8,2
25/01/2022;2;7,4;7,2;9,4;8,6;9;9;7,8;8,6;7,8;7,8;9;7,8;8,6;8,4;7,6;7,4;7,8;7;7,8;10;7,6;7,8;8,6;9,6;8;7,6;8,8;8,4;8,8;7,4;8,8;8,4
25/01/2022;3;9,2;9;7,2;8,4;7;7,6;9;8;7,4;9,4;7,6;7,8;7,8;8;7,8;9;9,4;7;7,2;8,6;7;9,6;7,6;7,2;7,2;7,2;7,2;7;8;9;9;14
25/01/2022;5;7,2;9;8,4;9,4;8,6;9;8;8,8;9,6;16;10;11;9,4;7,8;8,2;8;9,2;8,8;7,2;7;8,6;7,2;8,4;8,2;7;7,2;7;9,6;7,2;7;8,8;9
25/01/2022;6;8,2;8,6;18;7,8;7,6;7,4;8,2;8;11;7,8;9;8;10;9,6;9,2;8,2;7,6;10;7,4;9;7,4;10;7,4;10;8;9;8;7;12;8,6;9;7,2
26/01/2022;2;6,4;8,2;8,6;8,6;8,2;6,4;7,6;6,6;6,4;7,4;6,6;6,4;7;8,6;6,4;10;6,8;6,2;6,6;6,6;8,4;7,6;6,8;6,6;6,4;9,2;6,8;6,8;6,8;8;6,6;6,4
26/01/2022;4;8,8;6,2;6,6;6,4;6,4;6,6;7,2;7,4;6,2;6,6;6,2;7,2;6,2;6,8;6,4;6,6;6,6;6,4;6,4;7;7,2;6,4;7,2;7,2;6,8;6,2;6,8;7,8;6,6;7,2;7;8,2
26/01/2022;5;6,6;6,8;7,6;7,4;6,8;7,2;7,4;6,2;6,6;6,2;7,2;6,2;6,8;6,4;6,6;7,2;6,6;6,2;9,2;7;6,6;6,8;7,2;7,2;6,8;6,2;6,8;7,8;6,8;7,2;6,8;7,6
26/01/2022;6;6,6;7,6;6,2;8,4;6,6;6,8;7,6;7,4;6,8;6,6;7,2;7,4;6,8;9,2;7;6,6;6,8;7,4;7;6,6;6,8;7,6;7,4;6,8;6,6;7,8;6,6;6,8;6,8;7,2;7;6,8
27/01/2022;2;7,6;7;8,8;9,4;7,4;6,8;7;7,8;7,6;7,2;7,6;7,2;7,6;7,2;7,6;6,8;6,8;6,8;9;8;7,2;7,4;7;7,4;7,2;6,6;8,6;7;6,8;7,8;7,6;8,6
27/01/2022;4;7,2;9;8,4;9,4;8,6;9;8;8,8;9,6;8;10;11;9,4;7,8;8,2;8;9,2;8,8;7,2;7;8,6;7,2;8,4;8,2;7;7,2;7;9,6;7,2;7;8,8;9
27/01/2022;5;8,2;8,6;9,6;7,8;7,6;7,4;8,2;8;11;7,8;9;8;10;9,6;9,2;8,2;7,6;10;7,4;9;7,4;10;7,4;10;8;9;8;7;12;8,6;9;7,2
27/01/2022;6;9,6;7;8;7;8;7,2;7,8;7,4;9;6,6;7,6;7;9;7;9;7;7,6;7,8;8,2;6,8;8;7,8;8,6;7,2;12;7,4;7;8,2;7,8;7,6;7,8;7,6
28/01/2022;2;7,2;6,4;6,8;6,8;7,4;8;7,8;7,4;7,8;7;7,4;8,6;7,6;6,4;8,4;6,8;7;7,8;6,8;7,8;7,8;8;6,8;7,2;7;7,4;7,6;7,8;7,6;6,8;7,6;7,2
28/01/2022;4;6,8;9,4;7,2;6,8;7,2;8;6,8;7;6,8;7;6,8;6,8;6,8;6,4;7,6;7,4;6,8;7,2;7,2;8,6;7;7;7;7,8;6,8;6,8;6,6;9,2;8,8;7;6,6;6,8
28/01/2022;5;8;8,6;7,8;6,6;6,8;6,8;6,6;7,2;7,4;6,6;6,6;6,8;7;7,2;6,8;6,8;7,2;6,8;7,6;7,2;6,8;6,8;8,6;7,4;6,8;6,8;6,8;6,6;7,2;7,4;8,6;7,2
28/01/2022;6;6,6;8,8;7,8;6,6;7,8;7,6;6,8;7,6;6,2;7,6;8,2;7,8;8,2;7,8;8,2;6,8;6,6;7;6,8;6,8;7;8,8;8,6;6,6;6,6;6,2;7,2;6,8;7;9,6;7,2;7,4
03/02/2022;2;7,2;6,4;6,8;6,8;7,4;8;7,8;7,4;7,8;7;7,4;8,6;7,6;6,4;8,4;6,8;7;7,8;6,8;7,8;7,8;8;6,8;7,2;7;7,4;7,6;7,8;7,6;6,8;7,6;7,2
03/02/2022;4;6,8;9,4;7,2;6,8;7,2;8;6,8;7;6,8;7;6,8;6,8;6,8;6,4;7,6;7,4;6,8;7,2;7,2;8,6;7;7;7;7,8;6,8;6,8;6,6;9,2;8,8;7;6,6;6,8
03/02/2022;5;8;8,6;7,8;6,6;6,8;6,8;6,6;7,2;7,4;6,6;6,6;6,8;7;7,2;6,8;6,8;7,2;6,8;7,6;7,2;6,8;6,8;8,6;7,4;6,8;6,8;6,8;6,6;7,2;7,4;8,6;7,2
03/02/2022;6;6,6;8,8;7,8;6,6;7,8;7,6;6,8;7,6;6,2;7,6;8,2;7,8;8,2;7,8;8,2;6,8;6,6;7;6,8;6,8;7;8,8;8,6;6,6;6,6;6,2;7,2;6,8;7;7,8;7,2;7,4
04/02/2022;2;7,2;7,2;7,8;6,6;6,8;6,8;6,6;6,8;6,8;7,6;8,2;6,8;6,6;6,8;6,2;6,8;7;6,6;6,4;7,8;6,8;6,8;6,6;6,8;6,8;7,6;8,2;7,2;7,8;6,6;6,8;8,2
04/02/2022;3;8,2;6,8;6,6;6,8;7,6;7,4;6,8;7,2;7,8;6,6;6,8;6,8;6,6;7,8;8,6;8,2;7,8;8,2;6,8;6,6;6,8;7,6;7,4;6,8;7,2;7,8;6,6;6,8;7,2;6,8;6,8;7
04/02/2022;4;6,8;7,6;7,8;7,2;7,8;6,6;6,8;6,8;6,6;8,2;6,8;6,6;6,8;7,6;7,4;6,8;6,8;6,8;7,4;7,2;8,2;6,8;6,6;6,8;7,6;7,4;6,8;7,6;7,8;8;8,2;7
04/02/2022;5;6,8;6,6;6,8;6,8;8;7,2;6,8;6,8;7,4;7,6;8,4;8,6;7,8;8,2;6,8;6,6;6,8;6,2;6,8;7;6,6;6,8;6,8;6,6;6,8;7,6;7,8;6,8;8,4;7,4;6,8;7
04/02/2022;6;6,8;8,6;7;7,2;7,8;8;7;6,8;6,8;8,4;7,4;7;8,4;7,6;7,8;8,6;8,2;7,6;7;14;8,6;8,4;8,6;8;7,8;8,2;8,4;7,6;7,6;7,8;8,4;8,2
07/02/2022;1;9;8,6;7;7,2;7,8;9;7;12;9,8;8,4;7,4;7;8,4;7,6;7,8;8,6;8,2;7,6;7;6,8;8,6;8,4;8,6;8;7,8;8,2;8,4;7,6;7,6;7,8;8,4;8,2
07/02/2022;2;7,2;7,8;8,4;8,6;7,6;8,4;9,8;7,4;7,6;8,2;7;7,4;14;7;7,6;7,8;8,6;7,8;7,8;7,6;8,4;6,8;7,4;9,6;6,8;7,8;8,4;8,6;7,8;8,2;8,4;7,6
07/02/2022;3;7;7,2;7,8;9;7;6,8;6,8;8,4;7,4;7,6;8,6;8,2;8,6;6,8;12;6,8;7;6,8;7,4;16;6,8;6,8;8;7,8;7,6;8,4;6,8;7,6;7,8;7,6;7,8;9,2
07/02/2022;5;7;6,8;8;8,4;8;9;6,8;8,8;6,8;7,6;7,8;6,8;9,4;7,8;8,6;8,2;7,8;8,2;6,8;7,6;7,8;7,8;7,6;8,4;6,8;7;7,8;6,8;16;6,8;6,8;7
07/02/2022;6;7,4;6,8;7,6;7,6;9,4;8,6;8;7,6;7,8;18;7,4;8,6;6,8;7,4;6,8;6,8;8,4;6,8;7,4;7,2;8,2;6,8;7,6;7,6;9,2;7;7,6;7,8;7,8;8;8,2;7
08/02/2022;2;8,2;8,2;8,2;8,4;7;7;7,2;7;7;7,2;6,8;9,2;6,8;7,2;6,6;6,6;6,8;7,6;7;6,8;8,6;8,4;7,6;7;7,8;8,6;6,4;6,8;6,8;6,8;8,4;8,2
08/02/2022;3;9,4;7,2;7;7,4;6,6;8,2;7,8;6,8;7,2;7,2;7;6,8;8,4;8,8;6,6;6,8;8,6;7,6;7,8;7,2;9,4;7,4;6,8;6,8;7;6,8;8,2;6,6;6,6;8,4;7,8;7,8
08/02/2022;5;8,2;6,8;6,6;6,8;7,6;7,4;6,8;7,2;7,8;6,6;6,8;6,8;6,6;7,8;8,6;8,2;7,8;8,2;6,8;6,6;6,8;7,6;7,4;6,8;7,2;7,8;6,6;6,8;7,2;6,8;6,8;7
08/02/2022;6;6,8;7,6;7,8;7,2;7,8;6,6;6,8;6,8;6,6;8,2;6,8;6,6;6,8;7,6;7,4;6,8;6,8;6,8;7,4;7,2;8,2;6,8;6,6;6,8;7,6;7,4;6,8;7,6;7,8;8;8,2;7
09/02/2022;2;8;8,8;7,2;7,4;6,8;7,2;7,8;7,4;7,2;6,6;6,6;6,8;7;7,4;6,8;7,6;6,8;8,2;7,2;6,8;7;6,8;7;7,2;7,8;7,4;7,2;6,8;7,2;7,6;6,8;6,8
09/02/2022;3;7,4;7,2;7;8;9,8;7;8,4;7,4;7,2;7,4;6,8;7,4;6,8;7,6;7,2;7;7,6;6,8;6,8;6,8;6,8;6,6;7,4;6,8;6,8;7,4;7,6;6,8;7,4;7;6,8;6,8
09/02/2022;4;9,2;6,8;7,4;7;6,8;6,8;8,4;7,8;7,6;7;6,8;7,2;7,2;7;7;9,4;8,8;8,6;7,4;7,2;7,6;6,8;6,8;7,4;7,6;6,6;6,8;8,2;7,4;7,6;6,8;6,8
09/02/2022;5;7,6;8,4;6,8;6,4;7,2;6,8;6,8;7;6,8;6,6;6,8;6,6;6,8;7,4;7;6,8;7,4;8,2;6,8;6,6;7,2;6,6;6,6;6,6;7;6,8;6,8;7,2;7,4;6,8;9,2;7
09/02/2022;6;7,6;8,6;6,8;6,6;7,2;6,8;8,2;6,8;6,6;7;6,8;7,4;8,2;6,8;6,8;7,2;6,6;6,4;6,6;7,2;7,4;6,8;9,2;7;6,6;6,8;7,4;7;6,8;7,4;8,2;6,8
11/02/2022;1;7,2;7;6,8;6,8;7,4;8;7,8;7,4;7,8;7;7,4;8,6;7,6;7;8,4;6,8;7;7,8;6,8;7,8;7,8;8;6,8;7,2;7;7,4;7,6;7,8;7,6;6,8;7,6;7,2
11/02/2022;2;6,8;9,4;7,2;6,8;7,2;8;6,8;7;6,8;7;6,8;6,8;6,8;8,4;7,6;7,4;6,8;7,2;7,2;8,6;7;7;7;7,8;6,8;6,8;8,6;9,2;8,8;7;9;6,8
11/02/2022;3;8;8,6;7,8;7;6,8;6,8;7;7,2;7,4;7,6;8,6;6,8;7;7,2;6,8;6,8;7,2;6,8;7,6;7,2;6,8;6,8;8,6;7,4;6,8;6,8;6,8;8;7,2;7,4;8,6;7,2
11/02/2022;4;7;8,8;7,8;8,6;7,8;7,6;6,8;7,6;7,4;7,6;8,2;7,8;8,2;7,8;8,2;6,8;7;7;6,8;6,8;7;8,8;11;7,6;8;8;7,2;6,8;7;12;7,2;7,4
11/02/2022;5;6,8;7,4;6,8;7,2;7,6;7,6;8,2;7,6;8,8;7,2;7;8,6;7,6;7,2;7;8;6,8;6,8;7;7;10;8,8;7;7,2;6,8;8,4;7,6;6,8;7,4;8,2;8,4;8,4
11/02/2022;6;7,6;7;8,8;9,4;7,4;6,8;7;7,8;7,6;7,2;7,6;7,2;7,6;7,2;7,6;6,8;6,8;6,8;9;8;7,2;7,4;7;7,4;7,2;8,6;8,6;9;6,8;7,8;7,6;8,6
14/02/2022;1;7;7,2;7,2;7,2;6,8;6,8;9;7,2;7,2;7,4;7,2;6,8;6,8;8,2;9;8,4;8,6;7,6;8,4;9,8;7,4;7,6;8,2;7;6,8;7,8;7,4;8,2;8,6;7,8;7,6;8,2
14/02/2022;2;8,6;8,2;6,8;7,8;6,8;8,6;6,8;6,8;8;7,6;8,4;9,8;7,8;8,4;8,6;7,6;8,4;9,8;7,4;7,6;8,2;7;6,8;8;7,6;7;7,4;7,6;7,4;9;8,6;8
14/02/2022;3;7;7,4;6,8;7,4;9;7;8,4;7,6;7,8;8,6;7,8;8,4;8,6;8;7,8;8,2;8,4;7,6;7,6;7,8;6,8;6,6;6,8;6,8;8;7,6;8,6;7;7,2;7,8;7,8;7,8
14/02/2022;4;6,8;8,6;7;7,2;7,8;8;7,6;8,4;9,8;8,6;7,4;9;7;6,8;8,2;7,6;7;6,8;7,8;7,4;8,2;8,6;7,8;7,6;8,4;6,8;7,4;7,6;7,2;6,8;7,8;7,6
14/02/2022;5;6,8;7,8;7,4;8,2;8,6;8;7,6;7;8;7,6;7,2;7,8;6,8;8,6;7;7,2;8,4;8,6;8;7,8;8,2;8,4;7,6;7,6;7,8;8,6;6,8;6,8;8,6;8,4;7,8;7,8
14/02/2022;6;9;6,8;6,8;6,8;6,8;7,4;9;7;9,4;8,4;8,4;7;6,8;9,4;7;7,6;6,8;6,8;6,8;6,8;8,6;6,8;8,8;7;9,4;8;7;9,2;8,8;8,8;6,8;8,2
15/02/2022;2;9;7,2;7,4;9,2;9,2;8,2;8,8;7,8;11;8,2;7,8;8,8;8;9,4;9,2;7,8;8,6;7,2;10;8,2;8,2;9,8;10;9;9;9,6;8,4;8,4;8,2;8,4;9,8;10
15/02/2022;3;8,8;9,8;9,6;7,6;8;9,6;8,6;9,6;8,6;9,6;7,4;7,8;7,2;9,8;9,6;11;7,6;8,4;8,2;9,4;11;9,2;8,4;9;9,4;7;6,8;11;8;8,6;7;8
15/02/2022;4;7,8;8,6;0,8;8,2;9,4;7,8;10;7,4;7,2;7,2;9,6;8;8,4;8,2;8;10;8,4;7,6;7,6;7,6;9,2;7,6;8;7,8;9,4;10;8;9,4;8,8;8,4;7,6;9,2
15/02/2022;5;7,6;6,6;7,2;7,8;7,4;6,8;6,6;9,6;6,6;8,2;6,6;7,6;7,2;7,2;7;8,2;6,6;7,4;8;6,8;6,6;6,2;8,6;7,8;10;10;7;7,2;6,8;8,8;8,2;7,8
15/02/2022;6;7,4;6,8;7,2;8,2;7,8;8,4;8;8,2;7;12;8,2;10;7;10;11;8,6;8,4;7,4;7,8;8,8;8;10;9,2;9;7,6;8,2;7,2;7,4;8,8;8,8;7,4;8,6
18/02/2022;3;7;7,6;7,6;7,4;6,8;6,8;6,6;6,8;6,6;8,6;6,8;7,4;6,8;7,4;7,6;7,8;6,8;6,6;6,8;6,8;8;7,2;6,8;6,8;7,4;7,4;7,6;7,8;9,2;7,4;7,6;6,8
18/02/2022;4;8,4;6,8;7,4;6,6;6,8;6,8;8;7,6;7;7,4;7,2;8,4;8,6;6,8;7;8,4;6,8;7,4;6,6;6,8;6,8;8;7,8;7,6;8,4;6,8;7,6;7,4;7;6,8;9,6;8,2
18/02/2022;5;7,8;8;7;6,6;6,8;6,8;8;7,8;7,6;8,4;6,8;7,6;6,8;6,8;8;7,8;7,8;7,6;8,4;6,8;7,6;6,8;7,2;7,4;8,4;6,8;7,6;7,4;6,8;7,6;8,4;6,8
18/02/2022;6;8,2;7,6;7;6,8;8,6;7;7,2;7,8;9;7;6,8;6,8;8,4;7,4;7,6;8,6;8,2;7,8;7;7,2;7,8;8;7,6;8,4;9,8;6,6;7,4;6,8;7;7,6;7,4;7,8
21/02/2022;3;6,6;8,8;7,8;6,6;7,8;7,6;6,8;7,6;6,2;7,6;8,2;7,8;8,2;7,8;8,2;6,8;6,6;7;6,8;6,8;7;8,8;11;6,6;6,6;6,2;7,2;6,8;7;12;7,2;7,4
21/02/2022;4;6,8;7,4;6,8;6,2;6,6;7,6;8,2;7,6;8,8;6,2;7;6,6;6,6;7,2;7;8;6,8;6,8;6,6;7;10;8,8;7;7,2;6,8;8,4;6,6;6,8;7,4;6,2;8,4;8,4
21/02/2022;5;7,6;7;8,8;9,4;7,4;6,8;7;7,8;7,6;7,2;7,6;7,2;7,6;7,2;7,6;6,8;6,8;6,8;9;8;7,2;7,4;7;7,4;7,2;6,6;8,6;7;6,8;7,8;7,6;8,6
21/02/2022;6;7,2;9;8,4;9,4;8,6;9;8;8,8;9,6;16;10;11;9,4;7,8;8,2;8;9,2;8,8;7,2;7;8,6;7,2;8,4;8,2;7;7,2;7;9,6;7,2;7;8,8;9
21/02/2022;5;8,2;8,6;18;7,8;7,6;7,4;8,2;8;11;7,8;9;8;10;9,6;9,2;8,2;7,6;10;7,4;9;7,4;10;7,4;10;8;9;8;7;12;8,6;9;7,2
21/02/2022;6;8;8;7,8;8,8;7,8;16;7,4;7,8;9;8,2;8,4;8,6;8;7,8;8,2;7,6;8,4;8,6;8;8;7,8;8,8;7,8;14;7,4;8,8;7,6;8,4;8,2;8,2;7,8;8,2
22/02/2022;3;6,8;7,4;7,8;7,6;8,4;6,8;7,4;6,8;6,8;7;7,6;7,8;7,6;9,2;7;7,6;7,8;7,8;7,6;8,4;6,8;7,4;6,6;6,8;6,8;8;7,6;7;7,8;8,2;8,6;7,6
22/02/2022;4;6,8;7;7,8;8,2;7,8;7,6;8,4;6,8;7,4;6,6;6,8;6,8;8;7,6;7;8;7,6;7;7,4;6,8;7,4;9;7;7,8;6,8;7,4;7,8;7,6;8,4;6,8;7,4;7,8
22/02/2022;5;7,8;6,8;8;7,6;7;8;7,6;7;7,4;6,8;7,6;7,6;9,4;8,6;8;7,6;7,8;6,8;7,4;8,8;6,8;7,6;8,4;6,8;7,4;6,8;6,8;7;7,6;7,8;6,8;8,4
22/02/2022;6;6,8;8,4;9,4;6,8;6,8;6,8;7;6,8;6,6;7,2;7,2;7;6,8;7,2;7;6,8;9,8;6,8;7,6;8,2;6,6;6,8;7,4;6,6;7,4;6,6;6,6;8,2;8;6,8;6,8;6,8
23/02/2022;3;7,4;6,8;7,6;7,6;9,4;8,6;8;7,6;7,8;6,8;7,4;8,6;6,8;7,4;6,8;6,8;8,4;6,8;7,4;7,2;8,2;6,8;7,6;7,6;9,2;7;7,6;7,8;7,8;8;8,2;7
23/02/2022;4;8,6;8,2;6,8;6,8;6,8;8;6,8;8;7,6;8,2;8,4;7,6;8,4;7,2;6,8;7;6,8;7;7,8;6,8;6,8;8;9,8;7;6,8;7;9;7,4;7;7,4;6,8;7
23/02/2022;5;8,2;8,2;8,2;8,4;7;7;7,2;7;7;7,2;6,8;9,2;6,8;7,2;7,6;7;6,8;7,6;7;6,8;8,6;8,4;7,6;7;7,8;8,6;6,8;6,8;6,8;6,8;8,4;8,2
23/02/2022;6;6,8;6,8;6,8;6,8;8;7,6;7;7,4;7,6;7;6,8;6,8;8;7,8;9;6,8;6,8;7,4;7,4;7,6;7,6;7,6;8,4;6,8;7,6;8,4;9;7,6;7;8,2;6,8;7,4
24/02/2022;1;6;6;6;6;6;6,2;6,6;7;6,2;6,2;6,8;6;6;6;6;6;6;6;6;6;6;6;6,2;6,4;6,6;7,2;6;6;6;6;6,2;6
24/02/2022;3;6,2;6,4;6;7;6,2;6,6;6;6;6;6;6;6,8;6;6;6;6,8;6,2;6;6;6;6,6;6,6;6,6;6;6;6;6,8;6,4;6,2;6,2;6,2;6,4
24/02/2022;4;7,2;6,2;6,8;6,4;6,2;6,8;6,4;7;6,4;6,2;6,2;6,2;7;7;6,4;6,2;6,2;7,2;7,2;6,4;6,2;7;6,6;6,8;6,6;6,2;6,8;6;6,2;6,6;6,2;6,2
24/02/2022;5;6;6,4;6;6,2;6;6,2;6;6,2;6;6,2;6,6;6,4;6,2;6,6;6,2;6,4;6,2;6,4;6,6;7,2;6,2;7,4;7,4;6,2;7,6;6;6,6;6;7,8;6,2;6,6;6,4
24/02/2022;6;6,4;6;6,6;6,4;6,4;6,6;6,2;6,2;6,4;6,8;6;6;7,2;7;6,2;6,8;6,4;6,6;6,6;6,4;6,2;6,2;6;6;7,2;7,8;6,2;6,4;6;6,6;6,8;6,6
25/02/2022;1;8,2;6,8;6,6;6,8;7,6;7,4;6,8;7,2;7,8;6,6;6,8;6,8;6,6;7,8;8,6;8,2;7,8;8,2;6,8;6,6;6,8;7,6;7,4;6,8;7,2;7,8;6,6;6,8;7,2;6,8;6,8;7
25/02/2022;3;6,8;7,6;7,8;7,2;7,8;6,6;6,8;6,8;6,6;8,2;6,8;6,6;6,8;7,6;7,4;6,8;6,8;6,8;7,4;7,2;8,2;6,8;6,6;6,8;7,6;7,4;6,8;7,6;7,8;8;8,2;7
25/02/2022;4;6,8;6,6;6,8;6,8;8;7,2;6,8;6,8;7,4;7,6;8,4;9,8;7,8;8,2;6,8;6,6;6,8;6,2;6,8;7;6,6;6,8;6,8;6,6;6,8;7,6;7,8;6,8;8,4;7,4;6,8;7
25/02/2022;5;6,8;8,6;7;7,2;7,8;9;7;6,8;6,8;8,4;7,4;7;8,4;7,6;7,8;8,6;8,2;7,6;7;6,8;8,6;8,4;8,6;8;7,8;8,2;8,4;7,6;7,6;7,8;8,4;8,2
25/02/2022;6;7,2;7,8;8,4;8,6;7,6;8,4;9,8;7,4;7,6;8,2;7;7,4;6,6;7;7,6;7,8;8,6;7,8;7,8;7,6;8,4;6,8;7,4;6,6;6,8;7,8;8,4;8,6;7,8;8,2;8,4;7,6
09/03/2022;2;7,6;7;8,8;9,4;7,4;6,8;7;7,8;7,6;7,2;7,6;7,2;7,6;7,2;7,6;6,8;6,8;6,8;9;8;7,2;7,4;7;7,4;7,2;6,6;8,6;7;6,8;7,8;7,6;7,2
09/03/2022;3;7,4;8,6;7,2;7,4;6,8;8;7;7;7,6;7,6;7,2;6,8;7,6;7,2;6,8;7,6;7,2;6,8;7,6;8;7,6;6,8;7,4;6,8;8;7,4;7,2;7,2;6,8;7,4;7,2;9,6
09/03/2022;4;8,4;7,4;6,8;6,8;7;9,4;7,6;7;6,8;6,8;7,4;7,2;7,4;6,8;7,2;8,6;7;7,4;7,2;6,8;7;8;7,4;7,8;7,6;8,4;6,8;7,6;7,4;7,6;7,2;7
09/03/2022;5;8;8,8;7,2;7,4;6,8;7,2;7,8;7,4;7,2;6,6;6,6;6,8;7;7,4;6,8;7,6;6,8;8,2;7,2;6,8;7;6,8;7;7,2;7,8;7,4;7,2;6,8;6,6;7,6;6,8;6,8
09/03/2022;6;7,4;7,2;7;8;9,8;7;8,4;7,4;7,2;7,4;6,8;7,4;6,8;7,6;7,2;7;7,6;6,8;6,8;6,8;6,8;6,6;6,6;6,8;6,8;7,4;7,6;6,8;7,4;7;6,8;6,8
10/03/2022;2;7,8;7,4;6,8;6,6;7;6,8;6,8;7,4;6,8;7,4;7,8;7,6;8,4;6,8;7,4;6,6;6,8;6,8;8;7,6;7;7,4;6,6;7,4;9;7;6,8;6,8;8,6;8,4;7,8;9
10/03/2022;3;6,8;7,4;7,8;7,6;8,4;6,8;7,4;6,8;6,8;7;7,6;7,8;7,6;9,2;7;7,6;7,8;7,8;7,6;8,4;6,8;7,4;6,6;6,8;6,8;8;7,6;7;7,8;8,2;8,6;7,6
10/03/2022;4;6,8;7;7,8;8,2;7,8;7,6;8,4;6,8;7,4;6,6;6,8;6,8;8;7,6;7;8;7,6;7;7,4;6,8;7,4;9;7;7,8;6,8;7,4;7,8;7,6;8,4;6,8;7,4;7,8
10/03/2022;5;7,8;6,8;8;7,6;7;8;7,6;7;7,4;6,8;7,6;7,6;9,4;8,6;8;7,6;7,8;6,8;7,4;8,8;6,8;7,6;8,4;6,8;7,4;6,8;6,8;7;7,6;7,8;6,8;8,4
10/03/2022;6;7,6;9,2;7;7,6;7,8;7,8;7,6;8,4;6,8;7;7,8;6,8;6,6;7;6,8;6,8;7,4;6,8;7,4;8,6;6,8;7,4;6,8;6,8;8,4;6,8;6,6;7,6;7,8;7,6;9,2;6,8
14/03/2022;1;8;9;7,2;7,6;8;8,2;8,4;7,8;8,2;8,6;7,4;7,8;9;7,8;8,4;8;9,6;8,8;8;8;7,8;8,8;7,8;12;7,4;8,8;7,6;8,4;8,2;8,2;9;8,4
14/03/2022;2;8,4;8,2;8,2;8;9;7,2;7,6;8;8,2;8,6;7,4;7,8;9;7,8;8,4;8;7,4;8,8;7,6;8,4;8,2;8,2;8;8,4;8,2;8,2;8;9;7,2;7,6;8,6;8
14/03/2022;4;8,4;8,2;8,2;8;9;7,2;7,6;8;8,8;7,8;11;7,4;8,8;7,6;8,4;8,2;7,4;8,8;7,6;8,4;8,2;8,2;8;8,4;8,2;8,2;8;9;7,2;7,6;9,8;9,6
14/03/2022;5;8;8;7,8;8,8;7,8;11;7,4;7,6;8;8,2;8,2;9;8,4;8,4;8,2;8;8,2;8,2;9;8,4;8;7,8;8,8;7,8;14;7,4;8;8,2;8,8;9;8,6;7,8
14/03/2022;6;8,4;8,2;8,2;8;9;7,2;7,6;8;7,8;8,6;9,2;8,4;8,2;8,2;8;9;7,2;7,6;8;8;8,2;8,2;9;8,4;8;8;7,8;8,8;7,8;12;7,4;8,2
16/03/2022;1;7;7,4;6,8;7,4;9;7;8,4;7,6;7,8;8,6;7,8;8,4;8,6;8;7,8;8,2;8,4;7,6;7,6;7,8;6,8;6,6;6,8;6,8;8;7,6;8,6;7;7,2;7,8;7,8;7,8
16/03/2022;2;6,8;8,6;7;7,2;7,8;8;7,6;8,4;9,8;6,6;7,4;9;7;6,8;8,2;7,6;7;6,8;7,8;7,4;8,2;8,6;7,8;7,6;8,4;6,8;7,4;6,6;7,2;6,8;7,8;7,6
16/03/2022;3;6,8;7,8;7,4;8,2;8,6;8;7,6;7;8;7,6;7,2;7,8;6,8;8,6;7;7,2;8,4;8,6;8;7,8;8,2;8,4;7,6;7,6;7,8;6,6;6,8;6,8;8,6;8,4;7,8;7,8
16/03/2022;4;7,4;6,8;7,2;7;7;7;7,2;8,8;7,2;7,6;7;9,4;7,2;8,4;10;6,8;7;7,6;7;7,2;7,8;8,2;7,2;7;7,2;7,2;7,2;7;6,8;8,4;7;7
16/03/2022;5;8;8,2;8,6;8,6;8,2;8,4;7,6;6,6;6,8;7,4;6,6;7,4;7;8,6;6,8;10;6,8;7;6,6;6,6;8,4;7,6;6,8;6,6;6,8;9,2;6,8;6,8;6,8;8;7,6;6,8
17/03/2022;1;7,8;8,4;7,4;7;8,4;7,6;7,4;8,2;7,8;7,4;8,6;8,6;8;8,6;7,4;8;7,2;8,6;7,4;9,4;9;8;8,2;8,4;7;8;8,2;9,4;7,8;8,2;7,4;8,2
17/03/2022;2;8,4;8,6;7,4;7,4;7;8;7,8;7,8;7;8,2;8;8;7,2;8;7,2;7;7,8;7;7,6;7,4;7,6;7,2;7,2;10;9,4;6,8;8;7,6;7,6;7,2;8;9,4
17/03/2022;3;8,4;8,6;8,2;7,6;8;7;9;7,6;6,8;8,2;8;8,6;8;9,8;7,6;8,2;7,8;7,8;7;8,2;8,4;7,6;7,8;7,4;7;7,2;10;8,4;7,8;8,2;7;9,4
17/03/2022;4;7,6;8,4;7,2;7,4;8,6;8,4;7,2;8,2;7,2;7,4;7;7,2;7;7,8;8,6;9,4;7,8;8;7,6;8,4;7,6;7,4;9,2;7,8;7,6;8;8,6;8;8;7,4;9;7,8
17/03/2022;5;6,6;7,6;7;7,2;7,2;6,8;6,8;7,4;6,8;6,8;6,8;7,2;7,8;7,2;7,6;7,2;7,2;7,8;7,6;7;7,2;7,6;6,8;9;7,6;6,8;6,8;7,4;7,4;7,4;7;7,6
17/03/2022;6;7;6,8;7,4;8,6;7,8;6,8;7,2;7,4;6,8;8,6;7,6;7;7,4;7,6;7,4;8;6,8;8,8;8,4;9,2;9,8;6,8;7,4;7,4;7,4;6,8;6,8;6,8;7,4;6,8;6,8;7,8
18/03/2022;1;9,2;6,8;7,4;7;6,8;6,8;8,4;7,8;7,6;7;6,8;7,2;7,2;7;7;9,4;8,8;8,6;7,4;7,2;7,6;6,8;6,8;7,4;7,6;6,6;6,8;8,2;7,4;7,6;6,8;6,8
18/03/2022;2;7;6,8;6,8;9,6;7,6;6,8;7,4;7,2;7;7,4;6,8;8,4;7,8;6,8;6,8;6,8;7,2;7;7;9;7,6;6,6;6,8;6,8;9,2;6,8;6,8;6,8;7;7,2;7;6,8
18/03/2022;3;6,8;7,2;9;7,6;7,4;7;7,2;6,8;6,8;6,8;6,8;7,6;6,8;6,8;7,2;7,2;7,6;7,4;6,8;7,2;7,8;6,8;7,4;7,2;6,8;8,2;7,4;7;6,8;7;7;7,6
18/03/2022;4;7;6,8;6,8;6,8;7;6,8;6,8;7,8;6,8;6,8;6,8;6,8;7;6,8;6,8;7,4;7,6;6,8;7;6,8;7,8;8;6,8;7;7;6,8;6,8;7;7;6,8;7,6;7
18/03/2022;5;7;8,2;7;6,8;7,8;7,4;6,8;6,8;6,8;8;7,2;7,6;7,8;6,8;6,8;6,8;6,8;6,8;7,6;7,4;7,4;7,4;6,8;6,8;7,4;6,6;7;7,2;6,8;7,4;6,8;7
18/03/2022;6;7,2;8,4;8,4;7,6;7,8;7,4;7,8;6,8;8,6;7,4;8;7;7,6;9;9,6;9,8;7,4;8,8;7,4;7,6;7,4;8,6;7,4;7,6;10;7,6;7,2;7,4;9,2;7,6;8,4;7,8
21/03/2022;1;8,2;8,2;8,2;8,4;7;6,6;7,2;7;7;7,2;6,8;9,2;6,8;7,2;6,6;6,6;6,8;7,6;7;6,8;8,6;8,4;7,6;7;7,8;8,6;6,6;6,8;6,8;6,8;8,4;8,2
21/03/2022;2;8,6;8,2;6,8;7,8;6,8;6,6;6,8;6,8;8;7,6;8,4;9,8;7,8;8,4;8,6;7,6;8,4;9,8;7,4;7,6;8,2;7;6,8;8;7,6;7;7,4;6,6;7,4;9;8,6;8
21/03/2022;3;7;7,4;6,8;7,4;9;7;8,4;7,6;7,8;8,6;7,8;8,4;8,6;8;7,8;8,2;8,4;7,6;7,6;7,8;6,8;6,6;6,8;6,8;8;7,6;8,6;7;7,2;7,8;7,8;7,8
21/03/2022;4;6,8;8,6;7;7,2;7,8;8;7,6;8,4;9,8;6,6;7,4;9;7;6,8;8,2;7,6;7;6,8;7,8;7,4;8,2;8,6;7,8;7,6;8,4;6,8;7,4;6,6;7,2;6,8;7,8;7,6
21/03/2022;5;6,8;7,8;7,4;8,2;8,6;8;7,6;7;8;7,6;7,2;7,8;6,8;8,6;7;7,2;8,4;8,6;8;7,8;8,2;8,4;7,6;7,6;7,8;6,8;6,6;6,8;8,6;8,4;7,8;7,8
21/03/2022;6;7,8;7,4;8,2;8,6;8;7,6;7;8;7,6;7;7,4;6,8;7,4;9;7;8,4;7,6;7,8;8,6;6,8;8;7,8;7,6;8,4;6,8;7,6;7,4;7;6,8;7;7,2;7,8
22/03/2022;1;7,6;7;8,8;9,4;7,4;6,8;7;7,8;7,6;7,2;7,6;7,2;7,6;7,2;7,6;6,8;6,8;6,8;9;8;7,2;7,4;7;7,4;7,2;6,6;8,6;7;6,8;7,8;7,6;7,2
22/03/2022;2;7,4;8,6;7,2;7,4;6,8;8;7;7;7,6;7,6;7,2;6,8;7,6;7,2;6,8;7,6;7,2;6,8;7,6;8;7,6;6,8;7,4;6,8;8;7,4;7,2;7,2;6,8;7,4;7,2;9,6
22/03/2022;3;8,4;7,4;6,8;6,8;7;9,4;7,6;7;6,8;6,8;7,4;7,2;7,4;6,8;7,2;8,6;7;7,4;7,2;6,8;7;8;7,4;7,8;7,6;8,4;6,8;7,6;7,4;7,6;7,2;7
22/03/2022;4;8;8,8;7,2;7,4;6,8;7,2;7,8;7,4;7,2;6,6;6,6;6,8;7;7,4;6,8;7,6;6,8;8,2;7,2;6,8;7;6,8;7;7,2;7,8;7,4;7,2;6,8;6,2;7,6;6,8;6,8
22/03/2022;5;7,4;7,2;7;8;9,8;7;8,4;7,4;7,2;7,4;6,8;7,4;6,8;7,6;7,2;7;7,6;6,8;6,8;6,8;6,8;6,6;6,4;6,8;6,8;7,4;7,6;6,8;7,4;7;6,8;6,8
22/03/2022;6;9,2;6,8;7,4;7;6,8;6,8;8,4;7,8;7,6;7;6,8;7,2;7,2;7;7;9,4;8,8;8,6;7,4;7,2;7,6;6,8;6,8;7,4;7,6;6,6;6,8;8,2;7,4;7,6;6,8;6,8
23/03/2022;1;6,2;8,4;9,4;6,8;6,8;6,8;7;6,8;6,6;7,2;7,2;7;6,4;7,2;7;6,8;9,8;6,8;7,6;8,2;6,6;6,6;7,4;6,6;7,4;6,6;6,6;8,2;8;6,2;6,8;6,8
23/02/2022;2;6,8;6,8;6,8;6,8;7,2;7;6,8;6,6;7,4;6,8;6,6;6,8;6,8;6,8;6,8;6,8;6,8;7,2;7,8;7,2;6,8;6,6;6,8;6,8;6,6;8,4;9,8;8,4;8,2;7;7,8;7
23/02/2022;3;7,8;6,8;6,8;7,4;6,6;8,2;7;7,6;7;6,8;7,4;7,2;7;9,2;7,2;7;7;7,6;7,6;6,8;6,6;6,8;7,8;7;9,4;7,4;6,8;6,6;7,2;7;7,8;7,2
23/02/2022;4;6,8;7;6,8;7,4;7,2;9,2;6,8;6,6;9,6;6,6;7,2;6,8;7,8;7,2;7,4;7,2;7,6;8,2;7,4;8,2;6,8;7,8;8,8;8;7,6;7,2;7,4;7,6;6,8;6,6;6,8;8,8
23/02/2022;5;8,6;7,2;7,4;7;7;6,8;7,4;9,4;6,6;6,8;6,8;8;8,8;6,8;7,2;7;7;7,6;8,8;6,8;7,4;7,8;6,8;7,2;7;7,2;9,8;7,6;6,4;7;7,8;6,8
23/02/2022;6;6,6;8,6;6,8;8,4;7,8;9,6;7,4;7;9,4;6,8;7,8;7;7,4;6,8;6,8;9;7;7,6;8,2;6,6;7;7;9,8;7,2;7,6;6,8;9,6;7;7,6;8,6;7;8,6
24/03/2022;1;7;6,8;6,8;6,6;6,8;8,4;8,6;6,8;7;6,6;6,6;6,6;7,4;6,8;8,2;6,6;7,4;6,6;6,6;9;7;7,4;7,2;9,2;8;6,8;7;6,6;7,2;6,6;7,8;6,8
24/03/2022;2;7,6;6,4;7,2;6,6;6,8;7;7;7,2;7,4;6,8;7,2;6,8;7;7,4;7;7,2;7;7,8;7,6;7,6;7,4;6,8;6,8;7,8;9,6;6,8;7,4;6,6;6,8;6,6;7;6,8
24/03/2022;3;7,2;7,2;6,8;6,8;6,8;6,8;7,6;6,4;6,8;6,6;6,8;6,6;6,6;6,4;7;6,4;7,4;7;7,2;6,4;7;6,8;9,6;7;6,6;6,6;6,6;7;7;6,8;6,6;6,4
24/03/2022;4;8,4;7,4;6,8;6,8;7;9,4;7,6;7;6,8;6,8;7,4;7,2;7,4;6,8;7,2;8,6;7;7,4;7,2;6,8;7;8;7,4;7,8;7,6;8,4;6,8;7,6;7,4;7,6;7,2;7
24/03/2022;5;8;8,8;7,2;7,4;6,8;7,2;7,8;7,4;7,2;6,6;6,6;6,8;7;7,4;6,8;7,6;6,8;8,2;7,2;6,8;7;6,8;7;7,2;7,8;7,4;7,2;6,8;6,6;7,6;6,8;6,8
24/03/2022;6;7,4;7,2;7;8;9,8;7;8,4;7,4;7,2;7,4;6,8;7,4;6,8;7,6;7,2;7;7,6;6,8;6,8;6,8;6,8;6,6;6,4;6,8;6,8;7,4;7,6;6,8;7,4;7;6,8;6,8
25/03/2022;1;7,4;7,2;7;8;9,8;7;8,4;7,4;7,2;7,4;6,8;7,4;6,8;7,6;7,2;7;7,6;6,8;6,8;6,8;6,8;6,6;6,4;6,8;6,8;7,4;7,6;6,8;7,4;7;6,8;6,8
25/03/2022;2;9,2;6,8;7,4;7;6,8;6,8;8,4;7,8;7,6;7;6,8;7,2;7,2;7;7;9,4;8,8;8,6;7,4;7,2;7,6;6,8;6,8;7,4;7,6;6,6;6,8;8,2;7,4;7,6;6,8;6,8
25/03/2022;3;7,6;8,4;6,8;6,4;7,2;6,8;6,8;7;6,8;6,6;6,8;6,6;6,8;7,4;7;6,8;7,4;8,2;6,8;6,6;7,2;6,6;6,6;6,6;6,4;6,4;6,6;7,2;7,4;6,8;9,2;7
25/03/2022;4;6,2;8,6;6,8;6,6;7,2;6,8;8,2;6,8;6,6;7;6,8;7,4;8,2;6,8;6,2;7,2;6,6;6,4;6,6;7,2;7,4;6,8;9,2;7;6,6;6,8;7,4;7;6,8;7,4;8,2;6,8
25/03/2022;5;8,8;6,2;6,6;6,4;6,4;6,6;7,2;7,4;6,8;6,8;7,4;8,2;6,8;6,6;7,2;8,6;7,4;7,2;6,8;6,8;6,8;8,2;6,8;6,6;6,8;7,4;7;6,8;7,4;7,6;7,8;8
25/03/2022;6;6,6;6,6;6,4;6,4;7;7,2;6;6,4;9;6,2;9,2;7;6,8;6,2;8,6;6,8;6,6;7,2;6,8;6,8;9,2;7;6,6;6,8;7,4;7;6,8;7,4;8,2;6,8;6,8;7,2
28/03/2022;1;7,8;6,8;6,8;7,4;8;8,2;7;7,6;7;6,8;7,4;7,2;7;9,2;7,2;8;8;7,6;7,6;7,8;7,6;7,8;7,8;8;9,4;7,4;6,8;7,6;7,2;7;7,8;7,2
28/03/2022;2;8,2;7,4;7,8;8,6;7,8;8;7,8;7,4;7,8;8;7,4;8,6;7,6;8,4;8,4;6,8;7;7,8;8,8;7,8;7,8;8;7,6;7,8;8;8,4;7,6;7,8;7,6;7,8;7,6;7,2
28/03/2022;3;6,8;9,4;7,2;7,8;7,2;8;7,8;7;8,2;7;7,8;7,6;8,4;8;7,6;7,4;7,8;7,2;7,2;8,6;8;7,8;7,4;7,8;6,8;8,6;8;9,2;8,8;7;14;9,2
28/03/2022;4;8;8,6;7,8;7,8;7,8;7,8;8,6;7,2;7,4;8,6;9;8,4;7;7,2;8,4;7,8;9;8,2;7,6;7,2;7,6;7,8;8,6;7,4;11;8,2;7,8;12;7,2;7,4;8,6;7,2
28/03/2022;5;9;8,8;7,8;9,2;7,8;7,6;8,8;7,6;8,2;7,6;8,2;7,8;8,2;7,8;8,2;7,8;7,6;9;7,8;7,8;8;8,8;11;8,6;7,6;9,2;7,2;7,8;9;12;8,2;7,4
28/03/2022;6;7,4;7,4;6,8;7,8;8,6;7,6;8,2;7,6;8,8;9,4;7;8,2;8,2;7,2;7;8;6,8;8,6;8,2;7;10;8,8;7,8;8,2;6,8;8,4;7,8;8,2;7,4;7,6;8,4;8,4
29/03/2022;1;6,4;6,6;7,2;7,2;6,8;6,6;9;7,2;7,2;6,4;7,2;6,8;6,8;6,2;9;7,4;6,2;7;6,8;6,8;7,4;6,8;7;7,2;7,6;8,4;9;7;6,8;6,8;6,6;6,6
29/03/2022;2;8,2;7,4;7,8;8,6;7,8;8;7,8;7,4;7,8;8;7,4;8,6;7,6;8,4;8,4;6,8;7;7,8;8,8;7,8;7,8;8;7,6;7,8;8;8,4;7,6;7,8;7,6;7,8;7,6;7,2
29/03/2022;3;8,6;8,2;6,8;7,8;6,8;6,6;6,8;6,8;8;7,6;8,4;9,8;7,8;8,4;8,6;7,6;8,4;9,8;7,4;7,6;8,2;7;6,8;8;7,6;7;7,4;6,6;7,4;9;8,6;8
29/03/2022;4;7;7,4;6,8;7,4;9;7;8,4;7,6;7,8;8,6;7,8;8,4;8,6;8;7,8;8,2;8,4;7,6;7,6;7,8;6,8;6,6;6,8;6,8;8;7,6;8,6;7;7,2;7,8;7,8;7,8
29/03/2022;5;6,8;8,6;7;7,2;7,8;8;7,6;8,4;9,8;6,6;7,4;9;7;6,8;8,2;7,6;7;6,8;7,8;7,4;8,2;8,6;7,8;7,6;8,4;6,8;7,4;6,6;7,2;6,8;7,8;7,6
29/03/2022;6;7,4;6,8;8;6,2;6,8;6,6;6;6,6;6,8;7,6;9;7,4;6,2;8,2;6,8;6,8;8,2;6,4;7,4;6,6;7,8;6;6,8;9,4;6;6,8;8,6;7;6,8;6,8;6,8;8,8
30/03/2022;1;7,4;6,8;7,6;7,6;9,4;8,6;8;7,6;7,8;6,8;7,4;8,6;6,8;7,4;6,8;6,8;8,4;6,8;7,4;7,2;8,2;6,8;7,6;7,6;9,2;7;7,6;7,8;7,8;8;8,2;7
30/03/2022;3;8,2;8,2;8,2;8,4;7;6;7,2;7;7;7,2;6,8;9,2;6,8;7,2;6,6;6,6;6,8;7,6;7;6,8;8,6;8,4;7,6;7;7,8;8,6;6,2;6,8;6,8;6,8;8,4;8,2
30/03/2022;4;10;7,2;7;7,4;6,6;8,2;7,8;6,8;7,2;7,2;7;6,8;8,4;8,8;6,6;6,8;8,6;7,6;7,8;7,2;9,4;7,4;6,8;6,8;7;6,8;8,2;6,6;7,8;8,2;6,8;6,6
30/03/2022;5;8,6;8,2;6,8;7,8;6,8;6,6;6,8;6,8;8;7,6;8,4;9,8;7,8;8,4;8,6;7,6;8,4;9,8;7,4;7,6;8,2;7;6,8;8;7,6;7;7,4;6,6;7,4;9;8,6;8
30/03/2022;6;7;7,4;6,8;7,4;9;7;8,4;7,6;7,8;8,6;7,8;8,4;8,6;8;7,8;8,2;8,4;7,6;7,6;7,8;6,8;6,6;6,8;6,8;8;7,6;8,6;7;7,2;7,8;7,8;7,8
31/03/2022;1;7,8;6,8;6,8;7,4;6,2;8,2;7;7,6;7;6,8;7,4;7,2;7;9,2;7,2;7;7;7,6;7,6;6,8;6,6;6,8;7,8;7;9,4;7,4;6,8;6,6;7,2;7;7,8;7,2
31/03/2022;2;6,8;7;6,8;7,4;7,2;9,2;6,8;6,2;9,6;6,2;7,2;6,8;7,8;7,2;7,4;7,2;7,6;8,2;7,4;8,2;6,8;7,8;8,8;8;7,6;7,2;7,4;7,6;6,8;6,6;6,8;8,8
31/03/2022;3;8,6;7,2;7,4;7;7;6,8;7,4;9,4;6,6;6,8;6,8;8;8,8;6,8;7,2;7;7;7,6;8,8;6,8;7,4;7,8;6,8;7,2;7;7,2;9;7,6;7;7;7,8;6,8
31/03/2022;4;7,2;6,4;6,8;6,8;7,4;8;7,8;7,4;7,8;7;7,4;8,6;7,6;6,4;8,4;6,8;7;7,8;6,8;7,8;7,8;8;6,8;7,2;7;7,4;7,6;7,8;7,6;6,8;7,6;7,2
31/03/2022;5;6,8;9,4;7,2;6,8;7,2;8;6,8;7;6,8;7;6,8;6,8;6,8;6,4;7,6;7,4;6,8;7,2;7,2;8,6;7;7;7;7,8;6,8;6,8;6,6;9,2;8,8;7;6,6;6,8
31/03/2022;6;8,6;6,2;6,8;6,8;6,8;8;6,8;8;7,6;8,2;8,4;6,6;8,4;7,2;6,8;6,6;6,8;7;6,6;6,8;6,8;8;9,8;7;6,8;7;9;7,4;7;7,4;6,8;7
01/04/2022;1;7;6,8;7,4;8,6;7,8;6,8;7,2;7,4;6,8;8,6;7,6;7;7,4;7,6;7,4;8;6,8;8,8;8,4;9,2;9,8;6,8;7,4;7,4;7,4;6,8;6,8;6,8;7,4;6,8;6,8;7,8
01/04/2022;2;8,2;7,2;8;7,4;6,8;8,6;7,2;6,8;7,6;6,8;7,6;6,8;7,6;7,6;6,6;8,8;8;7,8;6,8;6,8;6,6;9,4;7;6,8;7,8;7;7,2;9,2;7;7,2;6,6;9,2
01/04/2022;3;7,4;6,8;6,8;8;7,6;6,6;6,8;7;7,8;8,2;8;10;7;7,8;6,6;7,4;7;6,8;7,2;6,8;9;6,8;6,6;6,8;7,4;7,6;6,8;7;8,8;7;6,6;7,8
01/04/2022;4;7;7;7,4;7,8;7,8;6,8;6,6;7;7,8;7,4;8;8,4;9,4;7;8,6;9,4;7,6;8,6;8,6;7,4;8;6,8;8;7,2;7,6;8;9,6;8,4;7,4;6,8;6,8;7,2
01/04/2022;5;7;7,6;6,6;8;7,4;7,8;9;7,8;8,2;6,8;6,8;7,6;7,4;7,4;7,2;6,8;9;7,8;6,6;8;9;7,6;7,2;7,4;7;6,8;6,6;6,8;6,8;7,4;7;7,2
01/04/2022;6;9;7,2;8;7,6;7,2;8;7;7,6;7,8;6,8;6,8;6,8;7;8,4;7,6;6,8;7,4;6,8;7,8;7,2;8,6;7,8;7,2;8;8,8;6,8;8,2;8;7;7,2;6,8;7
04/04/2022;1;9;9,6;7,4;14;8,6;8,4;8;7,8;8,6;9,6;8,4;7,8;9,4;10;8,2;10;11;12;9,4;10;8;9,8;8,4;10;10;10;8,6;8;7,8;9;7,6;7,6
04/04/2022;2;8,2;8,2;8,2;8,4;7,2;8;7,6;8,4;8,4;8,8;7,8;8,6;8,6;7,8;7,4;8;7,4;9;9,6;7,8;8,4;8,2;16;8;7,4;8,2;7,8;8,2;7,8;7,6;8;11
04/04/2022;3;9;7,2;7,4;9,2;9,2;8,2;8,8;7,8;11;8,2;7,8;8,8;8;9,4;9,2;7,8;8,6;7,2;10;8,2;8,2;9,8;10;9;9;9,6;8,4;8,4;8,2;8,4;9,8;10
04/04/2022;4;8,8;9,8;9,6;7,6;8;9,6;8,6;9,6;8,6;9,6;7,4;7,8;7,2;9,8;9,6;11;7,6;8,4;8,2;9,4;11;9,2;8,4;9;9,4;7;6,8;11;8;8,6;7;8
04/04/2022;5;7,8;8,6;0,8;8,2;9,4;7,8;10;7,4;7,2;7,2;9,6;8;8,4;8,2;8;10;8,4;7,6;7,6;7,6;9,2;7,6;8;7,8;9,4;10;8;9,4;8,8;8,4;7,6;9,2
04/04/2022;6;7,6;6,6;7,2;7,8;7,4;6,8;6,6;9,6;6,6;8,2;6,6;7,6;7,2;7,2;7;8,2;6,6;7,4;8;6,8;6,6;6,2;8,6;7,8;10;10;7;7,2;6,8;8,8;8,2;7,8
05/04/2022;1;8,4;8,2;8,2;8;9;7,2;7,6;8;8,8;7,8;9;7,4;8,8;7,6;8,4;8,2;7,4;8,8;7,6;8,4;8,2;8,2;8;8,4;8,2;8,2;8;9;7,2;7,6;9,8;9,6
05/04/2022;2;8;8;7,8;8,8;7,8;8,6;7,4;7,6;8;8,2;8,2;9;8,4;8,4;8,2;8;8,2;8,2;9;8,4;8;7,8;8,8;7,8;9,8;7,4;8;8,2;8,8;9;8,6;7,8
05/04/2022;3;8,4;8,2;8,2;8;9;7,2;7,6;8;7,8;8,6;9,2;8,4;8,2;8,2;8;9;7,2;7,6;8;8;8,2;8,2;9;8,4;8;8;7,8;8,8;7,8;9,2;7,4;8,2
05/04/2022;4;9;8,4;8,4;8,2;8,2;8;9;8,4;8,2;8,2;8;9;7,2;7,6;8;8,2;8,2;9;8,4;8,4;8,2;8,2;8;9;7,2;7,6;8;8,2;8,2;9;8,4;8,4
05/04/2022;5;7,2;7,6;8;8,2;8,2;9;8,4;8,4;8,2;8,2;8;9;7,2;7,6;8;8,2;8,2;9;8,4;8,4;8,2;8,2;8;9;7,2;7,6;8;8,8;8,6;9;8,6;9
05/04/2022;6;9;7,2;7,6;8;9,2;8;9,4;7,8;8,2;8,6;7,4;7,8;9;7,8;8,4;8;7,4;7,2;8,4;8,2;9;8,4;8;7,8;8,2;8,2;8;9;7,2;7,6;8;7,8
06/04/2022;1;8,4;8,2;8,2;8;9;7,2;7,6;8;8,2;8,6;7,4;7,8;9;7,8;8,4;8;7,4;8,8;7,6;8,4;8,2;8,2;8;8,4;8,2;8,2;8;9;7,2;7,6;8,6;8
06/04/2022;2;8,4;8,2;8,2;8;9;7,2;7,6;8;8,8;7,8;8,8;7,4;8,8;7,6;8,4;8,2;7,4;8,8;7,6;8,4;8,2;8,2;8;8,4;8,2;8,2;8;9;7,2;7,6;9,8;9,6
06/04/2022;3;8;8;7,8;8,8;7,8;9;7,4;7,6;8;8,2;8,2;9;8,4;8,4;8,2;8;8,2;8,2;9;8,4;8;7,8;8,8;7,8;9,8;7,4;8;8,2;8,8;9;8,6;7,8
06/04/2022;4;8,4;8,2;8,2;8;9;7,2;7,6;8;7,8;8,6;9,2;8,4;8,2;8,2;8;9;7,2;7,6;8;8;8,2;8,2;9;8,4;8;8;7,8;8,8;7,8;9;7,4;8,2
06/04/2022;5;6,8;6,6;6,8;6,8;8;7,2;6,8;6,8;7,4;7,6;8,4;9,8;7,8;8,2;6,8;6,6;6,8;7,2;6,8;7;6,6;6,8;6,8;7,6;8,2;6,8;6,6;6,8;7,6;7,4;6,8;8
06/04/2022;6;7,4;6,8;6,8;6,6;6,8;7,6;9,2;7;7,6;7;7;9,2;7,8;8;7,6;8,4;7;7,6;7,6;6,8;6,6;6,8;8;6,8;7;6,6;7,2;6,8;6,8;7,8;8,4;8,2
07/04/2022;1;6,8;7;6,8;7,4;7,2;9,2;6,8;6,2;9,6;6,2;7,2;6,8;7,8;7,2;7,4;7,2;7,6;8,2;7,4;8,2;6,8;7,8;8,8;8;7,6;7,2;7,4;7,6;6,8;6,6;6,8;8,8
07/04/2022;2;8,6;7,2;7,4;7;7;6,8;7,4;9,4;6,6;6,8;6,8;8;8,8;6,8;7,2;7;7;7,6;8,8;6,8;7,4;7,8;6,8;7,2;7;7,2;8,6;7,6;6,4;7;7,8;6,8
07/04/2022;3;7;6,8;6,6;6,6;8;9;6,8;6,6;6,8;7,6;7,8;6,8;6,6;7,8;8,6;8,2;7,8;8,2;6,8;7,6;7,8;7,8;7,6;8,4;6,8;7;7,8;6,8;6,6;6,8;6,8;7
07/04/2022;4;7,8;7,4;6,8;6,6;7;6,8;6,8;7,4;6,8;7,4;7,8;7,6;8,4;6,8;7,4;6,6;6,8;6,8;8;7,6;7;7,4;6,6;7,4;9;7;6,8;6,8;8,6;8,4;7,8;9
07/04/2022;5;6,8;7,4;7,8;7,6;8,4;6,8;7,4;6,8;6,8;7;7,6;7,8;7,6;9,2;7;7,6;7,8;7,8;7,6;8,4;6,8;7,4;6,6;6,8;6,8;8;7,6;7;7,8;8,2;8,6;7,6
07/04/2022;6;6,8;7;7,8;8,2;7,8;7,6;8,4;6,8;7,4;6,6;6,8;6,8;8;7,6;7;8;7,6;7;7,4;6,8;7,4;9;7;7,8;6,8;7,4;7,8;7,6;8,4;6,8;7,4;7,8
08/04/2022;1;7,2;9;8,4;9,4;8,6;9;8;8,8;9,6;9,8;9;9,6;9,4;7,8;8,2;8;9,2;8,8;7,2;7;8,6;7,2;8,4;8,2;7;7,2;7;9,6;7,2;7;8,8;9
08/04/2022;2;9,6;7;8;7;8;7,2;7,8;7,4;9,8;7,6;7,6;7;9;7;9;7;7,6;7,8;8,2;6,8;8;7,8;8,6;7,2;9,6;7,4;7;8,2;7,8;7,6;7,8;7,6
08/04/2022;3;8;9;7,8;9;8;9,8;9,6;9,2;8,2;7,6;8,8;7,4;9;7,4;9,6;7,4;7;7,6;9;8;7,4;9,4;7,6;7,8;7,8;8;7,8;9;9,4;9,8;7,2;8
08/04/2022;4;8,2;8,6;9;7,8;7,6;7,4;8,2;8;9,2;7,8;9;8;8,6;9,6;9,2;8,2;7,6;9,6;7,4;9;7,4;8,8;7,4;9,8;8;9;8;7;9;8,6;9;7,2
08/04/2022;5;9,4;7,6;8,2;8;8,8;7;7,4;8,2;7,6;9,2;8,6;7,4;7,4;9,8;7,4;8,2;8;7,4;9,6;8,8;8,4;8,2;8,6;7,8;9,4;8,6;7,6;8,6;9;7,4;8;9,2
08/04/2022;6;6,8;7;6,8;8,6;6,8;7;7,6;7,6;7,4;7;9,6;8;6,8;9,2;6,8;6,8;6,6;6,8;8,2;6,6;7,4;7,2;7,6;7,8;7,2;9,8;8,2;7;7,6;6,6;7,2;7,8
11/04/2022;1;7;7,4;6,8;7,4;9;7;8,4;7,6;7,8;8,6;7,8;8,4;8,6;8;7,8;8,2;8,4;7,6;7,6;7,8;6,8;6,6;6,8;6,8;8;7,6;8,6;7;7,2;7,8;7,8;7,8
11/04/2022;2;6,8;8,6;7;7,2;7,8;8;7,6;8,4;9,8;6,6;7,4;9;7;6,8;8,2;7,6;7;6,8;7,8;7,4;8,2;8,6;7,8;7,6;8,4;6,8;7,4;6,6;7,2;6,8;7,8;7,6
11/04/2022;3;6,8;7,8;7,4;8,2;8,6;8;7,6;7;8;7,6;7,2;7,8;6,8;8,6;7;7,2;8,4;8,6;8;7,8;8,2;8,4;7,6;7,6;7,8;6,6;6,8;6,8;8,6;8,4;7,8;7,8
11/04/2022;4;7,4;6,8;7,2;7;7;7;7,2;8,8;7,2;7,6;7;9,4;7,2;8,4;12;6,8;7;7,6;7;7,2;7,8;8,2;7,2;7;7,2;7,2;7,2;7;6,8;8,4;7;7
11/04/2022;5;6,2;8,4;9,4;6,8;6,8;6,8;7;6,8;6,6;7,2;7,2;7;6,4;7,2;7;6,8;9,8;6,8;7,6;8,2;6,6;6,6;7,4;6,6;7,4;6,6;6,6;8,2;8;6,2;6,8;6,8
11/04/2022;6;6,8;6,8;6,8;6,8;7,2;7;6,8;6,6;7,4;6,8;6,6;6,8;6,8;6,8;6,8;6,8;6,8;7,2;7,8;7,2;6,8;6,6;6,8;6,8;6,6;8,4;9,8;8,4;8,2;7;7,8;7
13/04/2022;1;7,8;6,8;6,8;7,4;6,2;8,2;7;7,6;7;6,8;7,4;7,2;7;9,2;7,2;7;7;7,6;7,6;6,8;6,6;6,8;7,8;7;9,4;7,4;6,8;6,6;7,2;7;7,8;7,2
13/04/2022;2;6,8;7;6,8;7,4;7,2;9,2;6,8;6,2;9,6;6,2;7,2;6,8;7,8;7,2;7,4;7,2;7,6;8,2;7,4;8,2;6,8;7,8;8,8;8;7,6;7,2;7,4;7,6;6,8;6,6;6,8;8,8
13/04/2022;3;8,6;7,2;7,4;7;7;6,8;7,4;9,4;6,6;6,8;6,8;8;8,8;6,8;7,2;7;7;7,6;8,8;6,8;7,4;7,8;6,8;7,2;7;7,2;9;7,6;7;7;7,8;6,8
13/04/2022;4;7,2;6,4;6,8;6,8;7,4;8;7,8;7,4;7,8;7;7,4;8,6;7,6;6,4;8,4;6,8;7;7,8;6,8;7,8;7,8;8;6,8;7,2;7;7,4;7,6;7,8;7,6;6,8;7,6;7,2
13/04/2022;6;6,8;9,4;7,2;6,8;7,2;8;6,8;7;6,8;7;6,8;6,8;6,8;6,4;7,6;7,4;6,8;7,2;7,2;8,6;7;7;7;7,8;6,8;6,8;6,6;9,2;8,8;7;6,6;6,8
13/04/2022;1;9,2;7,6;7;9;7,2;7;8,2;6,8;7,2;7,4;7,6;11;8,6;7,6;7,6;8,2;6,8;8;8,2;10;7,6;8,4;7,4;6,8;8,4;8;8,9;11;8,6;7;7,6;7,6
14/04/2022;2;9,2;7,6;7;9;7,2;7;8,2;6,8;7,2;7,4;7,6;11;8,6;7,6;7,6;8,2;6,8;8;8,2;10;7,6;8,4;7,4;6,8;8,4;8;8,9;11;8,6;7;7,6;7,6
14/04/2022;3;9,2;9,6;7,6;9,2;8,2;10;9;9,4;8,8;9;7,8;8,6;8,8;8;7,8;9,2;8,8;9,4;10;8;7,8;7,2;10;8,8;9,6;7,6;7,2;9;8,2;6,8;8;7,8
14/04/2022;4;8;7,6;9;8;8,6;8,2;7,6;9,4;8,2;8;11;9,4;7,4;9,6;7,8;10;7,8;8,6;9,2;8;10;11;10;7,2;7,8;9,4;8,8;7,4;7,2;8,4;8,2;8
14/04/2022;5;8;7,6;9;8;8,6;8,2;7,6;9,4;8,2;8;11;9,4;7,4;9,6;7,8;10;7,8;8,6;9,2;8;10;11;10;7,2;7,8;9,4;8,8;7,4;7,2;8,4;8,2;8
14/04/2022;6;7;8,2;6,8;7,2;7,4;7,6;11;8,6;7,6;7,6;8,2;9,2;8,2;10;9;9,4;8,8;9;7,8;8,6;8,8;6,8;8,4;8;8,9;8,9;11;8,6;8,9;11;8,6;7
19/04/2022;1;7,2;9;8,4;9,4;8,6;9;8;8,8;9,6;16;10;11;9,4;7,8;8,2;8;9,2;8,8;7,2;7;8,6;7,2;8,4;8,2;7;7,2;22;9,6;7,2;7;8,8;9
19/04/2022;2;9,6;7;8;7;8;7,2;7,8;7,4;16;7,6;7,6;7;9;7;9;7;7,6;7,8;8,2;6,8;8;7,8;8,6;7,2;12;7,4;7;8,2;7,8;7,6;7,8;7,6
19/04/2022;3;8;11;7,8;9;8;10;9,6;9,2;8,2;7,6;10;7,4;9;7,4;10;7,4;7;7,6;9;8;7,4;9,4;7,6;7,8;7,8;8;7,8;9;9,4;15;7,2;8
19/04/2022;4;8,2;8,6;12;7,8;7,6;7,4;8,2;8;11;7,8;9;8;10;9,6;9,2;8,2;7,6;10;7,4;9;16;10;7,4;10;8;9;8;7;12;8,6;9;7,2
19/04/2022;5;9,4;7,6;8,2;8;10;18;7,4;8,2;7,6;10;8,6;7,4;7,4;9,8;7,4;8,2;8;7,4;11;8,8;8,4;8,2;8,6;7,8;11;8,6;7,6;8,6;10;7,4;8;9,2
19/04/2022;6;8,6;7;8;8,6;9,6;9;8,8;10;11;11;9,6;8;9,8;9,2;8,6;10;9,6;12;9,2;9,6;8,6;15;9,6;9,8;9,2;12;8,4;10;12;10;18;22
20/04/2022;1;8,8;8,6;9;12;10;8;9;8,8;8,8;8,4;9,4;9;8,4;9,6;9,8;8,6;9,2;8,8;9;14;8,6;8,4;8,6;10;9,8;8,2;8,4;8,6;9,6;12;14;16
20/04/2022;2;9;8,6;9,8;10;9,2;9;14;12;9,8;8,4;9,4;9;8,4;8,6;8,8;8,6;8,2;9;8,8;9,8;8,6;8,4;8,6;8;9,8;8,2;8,4;8,6;8,4;10;8,4;8,2
20/04/2022;3;8,2;9,8;8,4;8,6;8,6;8,4;9,8;8,4;9,6;8,2;9;9,4;14;10;12;11;8,6;9,8;9,8;9,6;8,4;10;9,4;9,6;8,6;8,6;8,4;8,6;9,8;8,2;8,4;9,6
20/04/2022;4;10;9,2;9,8;9;9;9,8;9,8;8,4;8,4;8,6;8,6;8,2;8,6;9,8;12;12;9;10;8,4;16;8,8;9;8;8,8;8,6;8,4;8,8;9;9,8;9,6;8,8;9,2
20/04/2022;5;9;8,6;8;8,4;8;9;9,8;8,8;9,8;9,6;8,6;8,4;9,4;9,8;8,6;8,2;9,8;8,2;8,6;9,6;9,8;9,8;9,6;8,4;8,8;9;9,8;8,8;16;9,8;8,8;10
20/04/2022;6;8,4;8,6;9,6;9,6;9,4;8,6;8;9,6;9,8;18;9,4;8,6;8,6;8,4;9,2;8,6;8,4;9,8;9,4;9,2;8,2;8,6;8,6;8,6;9,2;9;9,6;9,8;9,8;8;8,2;9
21/04/2022;1;8;9;7,2;7,6;8;8,2;8,4;7,8;8,2;8,6;7,4;7,8;9;7,8;8,4;8;9,6;8,8;8;8;7,8;8,8;7,8;12;7,4;8,8;7,6;8,4;8,2;8,2;9;8,4
21/04/2022;2;8,4;8,2;8,2;8;9;7,2;7,6;8;8,2;8,6;7,4;7,8;9;7,8;8,4;8;7,4;8,8;7,6;8,4;8,2;8,2;8;8,4;8,2;8,2;8;9;7,2;7,6;8,6;8
21/04/2022;3;8,4;8,2;8,2;8;9;7,2;7,6;8;8,8;7,8;11;7,4;8,8;7,6;8,4;8,2;7,4;8,8;7,6;8,4;8,2;8,2;8;8,4;8,2;8,2;8;9;7,2;7,6;9,8;9,6
21/04/2022;4;8;8;7,8;8,8;7,8;11;7,4;7,6;8;8,2;8,2;9;8,4;8,4;8,2;8;8,2;8,2;9;8,4;8;7,8;8,8;7,8;18;7,4;8;8,2;8,8;9;8,6;7,8
21/04/2022;5;8,4;8,2;8,2;8;9;7,2;7,6;8;7,8;8,6;9,2;8,4;8,2;8,2;8;9;7,2;7,6;8;8;8,2;8,2;9;8,4;8;8;7,8;8,8;7,8;12;7,4;8,2
22/04/2022;1;9,8;9;8,4;8,8;8,2;8,6;9,2;9,4;8;7,8;8,6;8,6;8,2;9,8;11;13;9,8;7,8;7,8;10;8,6;8,4;9;9,2;9,6;9,8;9;8,8;8,4;8,6;8,8;10
22/04/2022;2;9,6;9,8;9;8,8;8,4;8,6;8,8;9,8;9;8,4;8,8;8,2;8,6;9,2;9,4;8;14;12;8,8;8,4;8,6;8,8;9,8;7,8;18;8,8;8,4;8,6;8,8;9,2;9,4;8,8
22/04/2022;3;9,6;9,8;15;12;9,8;7,8;7,8;10;8,6;8,4;9;9,8;9;8,8;8,4;9,8;9;8,4;8,8;8,2;8,6;9,8;9,6;7,8;8;8,4;8,8;8,2;8,6;8,8;9;8,6
22/04/2022;4;8,4;9,8;9;8,4;8,8;8,2;8,6;9,8;9,6;15;8;8,4;8,6;8,6;8,4;8,6;8,8;9,8;9;8,4;8,8;12;9,8;7,8;7,8;10;8,6;8,4;9;9,2;8,6;8,8
22/04/2022;6;9;8,4;8,4;8,2;8,2;8;9;8,4;8,2;8,2;8;9;7,2;7,6;8;8,2;8,2;9;8,4;8,4;8,2;8,2;8;9;7,2;7,6;8;8,2;8,2;9;8,4;8,4
26/04/2022;1;6;6,4;6;6,2;6;6,2;6;6,2;6;6,2;6,6;6,4;6,2;6,6;6,2;6,4;6,2;6,4;6,6;7,2;6,2;7,4;7,4;6,2;7,6;6;6,6;6;7,8;6,2;6,6;6,4
26/04/2022;2;6,4;6;6,6;6,4;6,4;6,6;6,2;6,2;6,4;6,8;6;6;7,2;7;6,2;6,8;6,4;6,6;6,6;6,4;6,2;6,2;6;6;7,2;7,8;6,2;6,4;6;6,6;6,8;6,6
26/04/2022;3;6,6;6,6;6,6;6,4;7,2;6,4;6,6;6,2;6,4;6,4;6,6;6,2;7,2;6,2;6,2;7,4;6,2;6,8;6,4;6,8;6,4;6,2;6,6;6,4;6,6;6,2;6,6;6,2;7,4;6,8;6,4;6,6
26/04/2022;4;6,4;6,4;6,6;6,6;6,4;6,2;6,4;6,4;6,6;6,8;6,2;6,2;6,2;6,2;6,4;6,4;6,2;6,2;6,8;6,2;6,2;6;6;6,4;6,2;7,2;6,6;6;6,2;6;6,2;6,2
27/04/2022;1;11;9;8;9,4;8,2;7,8;8,6;8,8;7,6;7;7,2;7,2;10;9,2;8,4;8;7,6;8,2;7,8;7,8;8,6;7;10;8,4;7,8;8,4;8,4;9;7,6;9,4;8,2;8,6
27/04/2022;2;9;9,6;7,4;12;8,6;8,4;8;7,8;8,6;9,6;8,4;7,8;9,4;10;8,2;10;11;12;9,4;10;8;9,8;8,4;10;10;10;8,6;8;7,8;9;7,6;7,6
27/04/2022;3;8,2;8,2;8,2;8,4;7,2;8;7,6;8,4;8,4;8,8;7,8;8,6;8,6;7,8;7,4;8;7,4;9;9,6;7,8;8,4;8,2;11;8;7,4;8,2;7,8;8,2;7,8;7,6;8;11
27/04/2022;4;8,2;7,4;8,2;7,8;7,2;8,2;7,4;7;9,6;8,6;9;7;9;7,8;7,2;7,6;8;7;7,2;7;9,8;10;12;9,2;7,4;7,2;7,2;8,2;7;8;7;7,6
28/04/2022;1;8,4;8,2;8,2;8;9;7,2;7,6;8;7,8;8,6;9,2;8,4;8,2;8,2;8;9;7,2;7,6;8;8;8,2;8,2;9;8,4;8;8;7,8;8,8;7,8;12;7,4;8,2
28/04/2022;2;7,2;9;8,4;9,4;8,6;9;8;8,8;9,6;9;10;11;9,4;7,8;8,2;8;9,2;8,8;7,2;7;8,6;7,2;8,4;8,2;7;7,2;11;9,6;7,2;7;8,8;9
28/04/2022;3;8,2;8,6;10;7,8;7,6;7,4;8,2;8;11;7,8;9;8;10;9,6;9,2;8,2;7,6;10;7,4;9;7,4;10;7,4;10;8;9;8;7;12;8,6;9;7,2
28/04/2022;4;9,6;7;8;7;8;7,2;7,8;7,4;9;8,6;7,6;7;9;7;9;7;7,6;7,8;8,2;7,8;8;7,8;8,6;7,2;12;7,4;7;8,2;7,8;7,6;7,8;7,6
28/04/2022;5;12;12;7,4;8,4;8,2;12;8,8;7,6;8,4;8,2;7,8;9;8,8;10;10;8,2;8,6;10;7,8;12;8,6;11;8,4;8,6;9,2;8;8,8;7,8;8,2;8,2;9,4;8,6
29/04/2022;1;9,8;9;8,4;8,8;8,2;8,6;9,2;9,4;8;7,8;8,6;8,6;8,2;9,8;11;13;9,8;7,8;7,8;10;8,6;8,4;9;9,2;9,6;9,8;9;8,8;8,4;8,6;8,8;10
29/04/2022;2;9,6;9,8;9;8,8;8,4;8,6;8,8;9,8;9;8,4;8,8;8,2;8,6;9,2;9,4;8;14;12;8,8;8,4;8,6;8,8;9,8;7,8;7,6;8,8;8,4;8,6;8,8;9,2;9,4;8,8
29/04/2022;3;9,6;9,8;15;12;9,8;7,8;7,8;10;8,6;8,4;9;9,8;9;8,8;8,4;9,8;9;8,4;8,8;8,2;8,6;9,8;9,6;7,8;8;8,4;8,8;8,2;8,6;8,8;9;8,6
29/04/2022;4;8,4;9,8;9;8,4;8,8;8,2;8,6;9,8;9,6;7,8;8;8,4;8,6;8,6;8,4;8,6;8,8;9,8;9;8,4;8,8;12;9,8;7,8;7,8;10;8,6;8,4;9;9,2;8,6;8,8
29/04/2022;5;8,6;8,4;9;9;8,4;8,8;8,2;8,2;8,6;9,2;9,4;8;16;12;8,8;8,4;8,6;8,8;8,2;8,6;9,2;9,4;8;7,8;8,6;8,8;8,4;8,6;8,8;8,4;8,6;8,8
02/05/2022;1;10;9;7,8;10;9;7,8;7,4;9;8,4;9,6;7;8,6;7;8,6;6,8;7,8;7;6,8;8;7,4;7,6;7,4;6,8;7,2;9;7,4;7;7;8;7,2;6,8;7,8
02/05/2022;2;7,8;6,8;7,6;7,6;9,4;8;7,6;7,6;6,8;10;8,4;8,8;7;7;7,8;7;6,8;7,4;7,8;7;7;7,2;6,8;7,2;8,2;7,2;7,2;6,8;7,2;7;7,4;7
02/05/2022;3;7,6;7,6;7;7;7;7,6;7,2;7;7,8;8;7,8;8,4;7,8;7;8;9;13;6,8;7,4;8,6;7,8;8;8,4;7,8;8,4;7,4;6,8;7,8;7,4;7,4;7,4;7,4
02/05/2022;4;7,4;10;8,2;7,6;8,2;8,4;7,6;7,2;7,6;15;8,4;6,8;7,8;7,8;7,8;7,6;8,6;7,2;9,2;8,4;7;10;7,4;11;8,2;8,8;8;7,6;7,4;7,8;7,2;8
02/05/2022;5;7,6;7,8;7,6;7,2;8,2;7,2;7,6;7,8;7;7,2;6,8;6,8;7,4;6,8;8;6,8;8,2;6,8;7;7,6;6,8;8,8;6,8;6,8;7,8;7;12;6,8;6,8;7,8;7,2;8
03/05/2022;1;8;8;7,8;8,8;7,8;11;7,4;7,8;9;8,2;8,4;8,6;8;7,8;8,2;7,6;8,4;8,6;8;8;7,8;8,8;7,8;10;7,4;8,8;7,6;8,4;8,2;8,2;7,8;8,2
03/05/2022;2;8;9;7,2;7,6;8;8,2;8,4;7,8;8,2;8,6;7,4;7,8;9;7,8;8,4;8;9,6;8,8;8;8;7,8;8,8;7,8;12;7,4;8,8;7,6;8,4;8,2;8,2;9;8,4
03/05/2022;3;8,4;8,2;8,2;8;9;7,2;7,6;8;8,2;8,6;7,4;7,8;9;7,8;8,4;8;7,4;8,8;7,6;8,4;8,2;8,2;8;8,4;8,2;8,2;8;9;7,2;7,6;8,6;8
03/05/2022;4;8,4;8,2;8,2;8;9;7,2;7,6;8;8,8;7,8;11;7,4;8,8;7,6;8,4;8,2;7,4;8,8;7,6;8,4;8,2;8,2;8;8,4;8,2;8,2;8;9;7,2;7,6;9,8;9,6
03/05/2022;5;8;8;7,8;8,8;7,8;11;7,4;7,6;8;8,2;8,2;9;8,4;8,4;8,2;8;8,2;8,2;9;8,4;8;7,8;8,8;7,8;12;7,4;8;8,2;8,8;9;8,6;7,8
03/05/2022;6;8,4;8,2;8,2;8;9;7,2;7,6;8;7,8;8,6;9,2;8,4;8,2;8,2;8;9;7,2;7,6;8;8;8,2;8,2;9;8,4;8;8;7,8;8,8;7,8;12;7,4;8,2
04/05/2022;1;9,8;9;8,4;8,8;8,2;8,6;9,2;9,4;8;7,8;8,6;8,6;8,2;9,8;11;13;9,8;7,8;7,8;10;8,6;8,4;9;9,2;9,6;9,8;9;8,8;8,4;8,6;8,8;10
04/05/2022;3;9,6;9,8;15;12;9,8;7,8;7,8;10;8,6;8,4;9;9,8;9;8,8;8,4;9,8;9;8,4;8,8;8,2;8,6;9,8;9,6;7,8;8;8,4;8,8;8,2;8,6;8,8;9;8,6
04/05/2022;4;8,4;9,8;9;8,4;8,8;8,2;8,6;9,8;9,6;7,8;8;8,4;8,6;8,6;8,4;8,6;8,8;9,8;9;8,4;8,8;12;9,8;7,8;7,8;10;8,6;8,4;9;9,2;8,6;8,8
04/05/2022;5;8,6;8,4;9;9;8,4;8,8;8,2;8,2;8,6;9,2;9,4;8;16;12;8,8;8,4;8,6;8,8;8,2;8,6;9,2;9,4;8;7,8;8,6;8,8;8,4;8,6;8,8;8,4;8,6;8,8
04/05/2022;6;8,4;9,8;9;8,4;8,8;8,2;8,6;7,8;7,8;10;8,6;8,4;9;9;8,4;8,8;8,2;8,6;9,2;9,4;8;9;8,4;8,8;14;9,8;7,8;7,8;8,8;9,6;9,2;8,8
05/05/2022;1;8;8;7,8;8,8;7,8;11;7,4;7,6;8;8,2;8,2;9;8,4;8,4;8,2;8;8,2;8,2;9;8,4;8;7,8;8,8;7,8;13;7,4;8;8,2;8,8;9;8,6;7,8
05/05/2022;2;9,6;9,8;9;8,8;8,4;8,6;8,8;9,8;9;8,4;8,8;8,2;8,6;9,2;9,4;8;14;12;8,8;8,4;8,6;8,8;9,8;7,8;7,6;8,8;8,4;8,6;8,8;9,2;9,4;8,8
05/05/2022;3;9,6;7;8;7;8;7,2;7,8;7,4;16;7,6;7,6;7;9;7;9;7;7,6;7,8;8,2;6,8;8;7,8;8,6;7,2;12;7,4;7;8,2;7,8;7,6;7,8;7,6
05/05/2022;4;8;11;7,8;9;8;10;9,6;9,2;8,2;7,6;10;7,4;9;7,4;10;7,4;7;7,6;9;8;7,4;9,4;7,6;7,8;7,8;8;7,8;9;9,4;15;7,2;8
05/05/2022;5;8,2;8,6;12;7,8;7,6;7,4;8,2;8;11;7,8;9;8;10;9,6;9,2;8,2;7,6;10;7,4;9;7,4;10;7,4;10;8;9;8;7;12;8,6;9;7,2
05/05/2022;6;7,2;9;8,4;9,4;8,6;9;8;8,8;9,6;16;10;11;9,4;7,8;8,2;8;9,2;8,8;7,2;7;8,6;7,2;8,4;8,2;7;7,2;7;9,6;7,2;7;8,8;9
06/05/2022;1;8,4;8,2;8,2;8;9;7,2;7,6;8;8,2;8,6;7,4;7,8;9;7,8;8,4;8;7,4;8,8;7,6;8,4;8,2;8,2;8;8,4;8,2;8,2;8;9;7,2;7,6;8,6;8
06/05/2022;2;8,4;8,2;8,2;8;9;7,2;7,6;8;8,8;7,8;8,8;7,4;8,8;7,6;8,4;8,2;7,4;8,8;7,6;8,4;8,2;8,2;8;8,4;8,2;8,2;8;9;7,2;7,6;9,8;9,6
06/05/2022;3;8;8;7,8;8,8;7,8;9;7,4;7,6;8;8,2;8,2;9;8,4;8,4;8,2;8;8,2;8,2;9;8,4;8;7,8;8,8;7,8;9,8;7,4;8;8,2;8,8;9;8,6;7,8
06/05/2022;4;8,4;8,2;8,2;8;9;7,2;7,6;8;7,8;8,6;9,2;8,4;8,2;8,2;8;9;7,2;7,6;8;8;8,2;8,2;9;8,4;8;8;7,8;8,8;7,8;9;7,4;8,2
06/05/2022;5;8,2;8,6;7,4;7,8;9;7,8;8,4;8;8;10;9,6;9,2;8,2;7,6;10;7,4;9;7,4;10;7,4;7;8;8;7,6;10;7,4;9;7,4;10;7,4;10;8
06/05/2022;6;8;7;8;7,2;7,8;7,4;16;7,6;7,6;7;9;7;9;7;7,6;7,8;8,2;6,8;8;7,8;8,6;9,2;9,4;8;9;8,4;8,8;14;9,8;7,8;7,8;10
09/05/2022;1;9,8;12;8,6;10;8,4;8,8;9,4;10;9,4;8,6;8,6;9,8;7,4;11;10;8,4;9,4;9,2;10;10;8,6;8,8;9;12;9,4;8,6;9,6;10;10;13;10;8,6
09/05/2022;2;9,8;12;9,2;9,6;9,4;10;8,4;11;9,6;13;7,6;10;10;13;12;9,4;9,2;10;9,8;8,8;10;9,2;9,6;11;10;8,2;10;8,8;9,6;10;10;9,8
09/05/2022;3;7,8;9,4;9,4;8,8;8,4;8,8;8,4;8,4;8,6;8,6;8;10;7,8;9,6;9,4;13;13;9;8,8;8;11;8;7,4;9,8;8;9;9;9,8;8,6;8,8;7,8;8,6
09/05/2022;4;9,6;11;7,8;8,2;8;7,8;7,8;8,8;7,6;8,6;9,4;10;8,4;7,6;9,4;9,4;8,6;9,2;8,4;11;8,2;7,8;7,8;7,2;10;9,2;7,4;7,8;9,2;7,8;7,6;11
09/05/2022;5;7,2;7,8;8,4;8;8;9;12;8;8;8;9;9,4;9,4;11;8,2;9,4;8,8;8;10;12;8,4;7,4;7,8;10;8,2;12;11;8;9,2;8,4;9;9,2
09/05/2022;6;8;8,6;7,8;8,4;8;7,8;8,2;8,4;16;8,4;8,4;12;12;10;8,6;8;8,2;10;8;8,4;8,6;10;10;9,8;7,8;9,8;7,8;10;9,4;11;8,4;9,8
10/05/2022;1;7;7,2;7,8;9;7;6,8;6,8;8,4;7,4;7,6;8,6;8,2;6,6;6,8;6,2;6,8;7;6,8;7,4;6,6;6,8;6,8;8;7,8;7,6;8,4;6,8;7,6;7,8;7,6;7,8;9,2
10/05/2022;2;6,6;6,8;7;6,6;6,8;6,8;7,6;7;9;6,6;6,8;6,8;6,8;8,6;7,2;7;7,4;6,6;8,2;8,4;6,8;7,2;7,2;7;6,8;7;7,8;6,8;6,6;6,8;6,8;7
10/05/2022;3;6,8;6,6;7,6;6,8;6,8;9,6;7,2;7,6;6,8;7,8;7,8;6,6;6,8;8,4;6,6;6,4;6,8;6,8;7,2;6,2;6,8;7,2;7;6,6;8;7;7,2;6,8;7,8;8;8,2;7
10/05/2022;5;8,6;6,2;6,8;6,8;6,8;8;6,8;8;7,6;8,2;8,4;6,6;8,4;7,2;6,8;6,6;6,8;7;6,6;6,8;6,8;8;9,8;7;6,8;7;9;7,4;7;7,4;6,8;7
10/05/2022;6;8,2;8,2;8,2;8,4;7;6;7,2;7;7;7,2;6,8;9,2;6,8;7,2;6,6;6,6;6,8;7,6;7;6,8;8,6;8,4;7,6;7;7,8;8,6;6,2;6,8;6,8;6,8;8,4;8,2
11/05/2022;1;6,6;8,6;6,8;8,4;7,8;9,6;7,4;7;9,4;6,8;7,8;7;7,4;6,8;6,8;9;7;7,6;8,2;6,6;7;7;9,8;7,2;7,6;6,8;8,6;7;7,6;8,6;7;8,6
11/05/2022;2;6,8;7,4;6,8;7;6,6;7,6;8,2;7,6;8,8;7,2;7;6,6;6,6;7,2;7;8;6,8;6,8;6,6;7;9;8,8;7;7,2;6,8;8,4;6,6;6,8;7,4;7;8,4;8,4
11/05/2022;3;8,6;7,2;7,4;7;7;6,8;7,4;9,4;6,6;6,8;6,8;8;8,8;6,8;7,2;7;7;7,6;8,8;6,8;7,4;7,8;6,8;7,2;7;7,2;9,2;7,6;6,4;7;7,8;6,8
11/05/2022;4;9,8;6,8;6,8;6,8;6,8;7,4;9;7;9,4;6,4;8,4;7;6,8;9,4;6,4;7,6;6,8;6,8;6,8;6,8;6,6;6,8;8,8;7;9,4;8;6,6;9,2;8,8;8,8;7,8;8,2
11/05/2022;5;6,8;7;6,8;7,4;7,2;9,2;6,8;6,8;9,6;7;7,2;6,8;7,8;7,2;7,4;7,2;7,6;8,2;7,4;8,2;6,8;7,8;8,8;8;7,6;7,2;7,4;7,6;6,8;6,6;6,8;8,8
11/05/2022;6;6,8;6,8;6,8;6,8;7,2;7;6,8;6,6;7,4;6,8;6,6;6,8;6,8;6,8;6,8;6,8;6,8;7,2;7,8;7,2;6,8;6,6;6,8;6,8;6,6;8,4;9,8;8,4;8,2;7;7,8;7
12/05/2022;1;6,8;6,8;6,8;6,8;7,2;7;6,8;6,6;7,4;6,8;6,6;6,8;6,8;6,8;6,8;6,8;6,8;7,2;7,8;7,2;6,8;6,6;6,8;6,8;6,6;8,4;9,8;8,4;8,2;7;7,8;7
12/05/2022;2;7;7,2;7,8;9;7;6,8;6,8;8,4;7,4;7,6;8,6;8,2;6,6;6,8;6,2;6,8;7;6,8;7,4;6,6;6,8;6,8;8;7,8;7,6;8,4;6,8;7,6;7,8;7,6;7,8;9,2
12/05/2022;3;7;6,8;6,6;6,6;8;9;6,8;6,6;6,8;7,6;7,8;6,8;6,6;7,8;8,6;8,2;7,8;8,2;6,8;7,6;7,8;7,8;7,6;8,4;6,8;7;7,8;6,8;6,6;6,8;6,8;7
12/05/2022;4;7,4;6,8;7,6;7,6;9,4;8,6;8;7,6;7,8;6,8;7,4;8,6;6,8;7,4;6,8;6,8;8,4;6,8;7,4;7,2;8,2;6,8;7,6;7,6;9,2;7;7,6;7,8;7,8;8;8,2;7
12/05/2022;5;8,6;6,2;6,8;6,8;6,8;8;6,8;8;7,6;8,2;8,4;6,6;8,4;7,2;6,8;6,6;6,8;7;6,6;6,8;6,8;8;9,8;7;6,8;7;9;7,4;7;7,4;6,8;7
12/05/2022;6;8,2;8,2;8,2;8,4;7;6;7,2;7;7;7,2;6,8;9,2;6,8;7,2;6,6;6,6;6,8;7,6;7;6,8;8,6;8,4;7,6;7;7,8;8,6;6,2;6,8;6,8;6,8;8,4;8,2
16/05/2022;1;7,6;7;8,8;9,4;7,4;6,8;7;7,8;7,6;7,2;7,6;7,2;7,6;7,2;7,6;6,8;6,8;6,8;9;8;7,2;7,4;7;7,4;7,2;6,6;8,6;7;6,8;7,8;7,6;8,6
16/05/2022;2;7,4;6,8;7,2;7;7;7;7,2;8,8;7,2;7,6;7;9,4;7,2;8,4;10;6,8;7;7,6;7;7,2;7,8;8,2;7,2;7;7,2;7,2;7,2;7;6,8;8,4;7;7
16/05/2022;3;6,2;8,4;9,4;6,8;6,8;6,8;7;6,8;6,6;7,2;7,2;7;6,4;7,2;7;6,8;9,8;6,8;7,6;8,2;6,6;6,6;7,4;6,6;7,4;6,6;6,6;8,2;8;6,2;6,8;6,8
16/05/2022;5;7,6;7;8,8;9,4;7,4;6,8;7;7,8;7,6;7,2;7,6;7,2;7,6;7,2;7,6;6,8;6,8;6,8;9;8;7,2;7,4;7;7,4;7,2;6,6;8,6;7;6,8;7,8;7,6;7,2
16/05/2022;6;7,4;8,6;7,2;7,4;6,8;8;7;7;7,6;7,6;7,2;6,8;7,6;7,2;6,8;7,6;7,2;6,8;7,6;8;7,6;6,8;7,4;6,8;8;7,4;7,2;7,2;6,8;7,4;7,2;9,6
17/05/2022;1;8,6;8,8;7,6;7,6;10;8;7;8;8;7,8;8,4;9,4;10;8;10;7;7,4;10;7,6;9,4;9;7,6;8,4;8,6;9,6;8;9;7,4;8,2;13;9,2;8,2
17/05/2022;2;7,6;7,8;9,8;7,6;9;9,2;8,6;8,2;8,2;8,8;8,4;8;8,6;8;8,4;11;8,4;9,2;9,4;7,6;8;7,8;8,6;8;9,2;8,4;7,8;9,6;7,4;9,6;8,2;8,2
17/05/2022;3;7,8;8;7;6,6;9;7,4;12;9,4;8;7,4;8;8,2;7,6;8;8,2;7,8;8,2;10;8,6;8;7,6;7,6;12;9,4;8,4;7,2;9;7,6;8,2;9;8,4;11
17/05/2022;4;9,4;8,4;8,4;8,4;8,2;8,6;8,2;10;8,6;8,8;17;8,8;7,8;10;9,4;8,4;9,4;7,6;9,4;8,8;8;8,2;8,6;8,4;7,6;9;9;8,6;8,4;8,2;9,6;9
17/05/2022;5;14;8,2;8,6;11;8,2;7,6;8;8,6;9,2;8,4;9,4;8,4;10;9;9;10;8,2;7,8;7,8;10;8,2;7,8;12;7;8,2;8,2;7,6;8;9,4;15;10;8,4
17/05/2022;6;10;9;7,8;10;9;7,8;7,4;9;8,4;9,6;7;8,6;7;8,6;6,4;7,8;7;6,8;8;7,4;7,6;7,4;6,8;7,2;9;7,4;7;7;8;7,2;6,8;7,8
18/05/2022;1;9,4;6,8;9,2;8,2;7,4;6,8;7,8;8,8;6,6;7;6,8;8,2;6,8;7,2;7,4;8,6;7,4;6,8;6,8;7,6;7,8;6,8;7,6;7,4;8,4;6,8;7,2;7,2;7,6;6,8;8;8,2
18/05/2022;2;7;7,2;7,8;9;7;6,8;6,8;8,4;7,4;7,6;8,6;8,2;6,6;6,8;6,6;6,8;7;6,8;7,4;6,6;6,8;6,8;8;7,8;7,6;8,4;6,8;7,6;7,8;7,6;7,8;9,2
18/05/2022;3;7;6,8;6,6;6,6;8;9;6,8;6,6;6,8;7,6;7,8;6,8;6,6;7,8;8,6;8,2;7,8;8,2;6,8;7,6;7,8;7,8;7,6;8,4;6,8;7;7,8;6,8;6,6;6,8;6,8;7
18/05/2022;4;7,4;6,8;7,6;7,6;9,4;8,6;8;7,6;7,8;6,8;7,4;8,6;6,8;7,4;6,8;6,8;8,4;6,8;7,4;7,2;8,2;6,8;7,6;7,6;9,2;7;7,6;7,8;7,8;8;8,2;7
18/05/2022;5;8,6;6,6;6,8;6,8;6,8;8;6,8;8;7,6;8,2;8,4;6,6;8,4;7,2;6,8;6,6;6,8;7;6,6;6,8;6,8;8;9,8;7;6,8;7;9;7,4;7;7,4;6,8;7
18/05/2022;6;8,2;8,2;8,2;8,4;7;8;7,2;7;7;7,2;6,8;9,2;6,8;7,2;6,6;6,6;6,8;7,6;7;6,8;8,6;8,4;7,6;7;7,8;8,6;6,6;6,8;6,8;6,8;8,4;8,2
19/05/2022;2;10;8,2;7,4;7;6,8;8;7,4;7,2;7;7,4;7,4;8,6;7,6;7,6;6,6;8,4;8,6;8,2;6,4;7;7,6;7;7,2;8,4;8,2;8,2;7;8,6;9,6;8,8;6,8;7
19/05/2022;3;9,4;6,8;9,2;8,2;7,4;6,8;7,8;8,8;6,6;7;6,8;8,2;6,8;7,2;7,4;8,6;7,4;6,8;6,8;7,6;7,8;6,8;7,6;7,4;8,4;6,8;7,2;7,2;7,6;6,8;8;8,2
19/05/2022;4;7;7,2;7,8;9;7;6,8;6,8;8,4;7,4;7,6;8,6;8,2;6,6;6,8;6,2;6,8;7;6,8;7,4;6,6;6,8;6,8;8;7,8;7,6;8,4;6,8;7,6;7,8;7,6;7,8;9,2
19/05/2022;5;7;6,8;6,6;6,6;8;9;6,8;6,6;6,8;7,6;7,8;6,8;6,6;7,8;8,6;8,2;7,8;8,2;6,8;7,6;7,8;7,8;7,6;8,4;6,8;7;7,8;6,8;6,6;6,8;6,8;7
19/05/2022;6;7,4;6,8;7,6;7,6;9,4;8,6;8;7,6;7,8;6,8;7,4;8,6;6,8;7,4;6,8;6,8;8,4;6,8;7,4;7,2;8,2;6,8;7,6;7,6;9,2;7;7,6;7,8;7,8;8;8,2;7
20/05/2022;1;6,8;6,8;6,8;6,8;7,2;7;6,8;6,6;7,4;6,8;6,6;6,8;6,8;6,8;6,8;6,8;6,8;7,2;7,8;7,2;6,8;6,6;6,8;6,8;6,6;8,4;9,8;8,4;8,2;7;7,8;7
20/05/2022;2;7,6;7;8,8;9,4;7,4;6,8;7;7,8;7,6;7,2;7,6;7,2;7,6;7,2;7,6;6,8;6,8;6,8;9;8;7,2;7,4;7;7,4;7,2;6,6;8,6;7;6,8;7,8;7,6;7,2
20/05/2022;3;7,4;8,6;7,2;7,4;6,8;8;7;7;7,6;7,6;7,2;6,8;7,6;7,2;6,8;7,6;7,2;6,8;7,6;8;7,6;6,8;7,4;6,8;8;7,4;7,2;7,2;6,8;7,4;7,2;9,6
20/05/2022;4;8,4;7,4;6,8;6,8;7;9,4;7,6;7;6,8;6,8;7,4;7,2;7,4;6,8;7,2;8,6;7;7,4;7,2;6,8;7;8;7,4;7,8;7,6;8,4;6,8;7,6;7,4;7,6;7,2;7
20/05/2022;5;6,8;6,6;7,6;6,8;6,8;9,6;7,2;7,6;6,8;7,8;7,8;6,6;6,8;8,4;6,6;6,4;6,8;6,8;7,2;6,2;6,8;7,2;7;6,6;8;7;7,2;6,8;7,8;8;8,2;7
20/05/2022;6;8,6;6,2;6,8;6,8;6,8;8;6,8;8;7,6;8,2;8,4;6,6;8,4;7,2;6,8;6,6;6,8;7;6,6;6,8;6,8;8;9,8;7;6,8;7;9;7,4;7;7,4;6,8;7
23/05/2022;1;6,8;9,4;7,2;6,8;7,2;8;6,8;7;6,8;7;6,8;6,8;6,8;6,4;7,6;7,4;6,8;7,2;7,2;8,6;7;7;7;7,8;6,8;6,8;6,6;9,2;8,8;7;6,6;6,8
23/05/2022;2;9,2;7,6;7;9;7,2;7;8,2;6,8;7,2;7,4;7,6;11;8,6;7,6;7,6;8,2;6,8;8;8,2;10;7,6;8,4;7,4;6,8;8,4;8;8,9;11;8,6;7;7,6;7,6
23/05/2022;3;9,2;7,6;7;9;7,2;7;8,2;6,8;7,2;7,4;7,6;11;8,6;7,6;7,6;8,2;6,8;8;8,2;10;7,6;8,4;7,4;6,8;8,4;8;8,9;11;8,6;7;7,6;7,6
23/05/2022;4;9,2;9,6;7,6;9,2;8,2;10;9;9,4;8,8;9;7,8;8,6;8,8;8;7,8;9,2;8,8;9,4;10;8;7,8;7,2;10;8,8;9,6;7,6;7,2;9;8,2;6,8;8;7,8
23/05/2022;5;8;7,6;9;8;8,6;8,2;7,6;9,4;8,2;8;11;9,4;7,4;9,6;7,8;10;7,8;8,6;9,2;8;10;11;10;7,2;7,8;9,4;8,8;7,4;7,2;8,4;8,2;8
24/05/2022;1;8;7,6;9;8;8,6;8,2;7,6;9,4;8,2;8;11;9,4;7,4;9,6;7,8;10;7,8;8,6;9,2;8;10;11;10;7,2;7,8;9,4;8,8;7,4;7,2;8,4;8,2;8
24/05/2022;2;7,4;7,2;7;8;9,8;7;8,4;7,4;7,2;7,4;6,8;7,4;6,8;7,6;7,2;7;7,6;6,8;6,8;6,8;6,8;6,6;6,4;6,8;6,8;7,4;7,6;6,8;7,4;7;6,8;6,8
24/05/2022;3;9,2;6,8;7,4;7;6,8;6,8;8,4;7,8;7,6;7;6,8;7,2;7,2;7;7;9,4;8,8;8,6;7,4;7,2;7,6;6,8;6,8;7,4;7,6;6,6;6,8;8,2;7,4;7,6;6,8;6,8
24/05/2022;4;7,8;6,8;6,8;7,4;6,2;8,2;7;7,6;7;6,8;7,4;7,2;7;9,2;7,2;7;7;7,6;7,6;6,8;6,6;6,8;7,8;7;9,4;7,4;6,8;6,6;7,2;7;7,8;7,2
24/05/2022;5;6,8;7;6,8;7,4;7,2;9,2;6,8;6,2;9,6;6,2;7,2;6,8;7,8;7,2;7,4;7,2;7,6;8,2;7,4;8,2;6,8;7,8;8,8;8;7,6;7,2;7,4;7,6;6,8;6,6;6,8;8,8
24/05/2022;6;8,6;7,2;7,4;7;7;6,8;7,4;9,4;6,6;6,8;6,8;8;8,8;6,8;7,2;7;7;7,6;8,8;6,8;7,4;7,8;6,8;7,2;7;7,2;11;7,6;6,4;7;7,8;6,8
25/05/2022;1;6,8;6,8;6,8;6,8;7,2;7;6,8;6,6;7,4;6,8;6,6;6,8;6,8;6,8;6,8;6,8;6,8;7,2;7,8;7,2;6,8;6,6;6,8;6,8;6,6;8,4;9,8;8,4;8,2;7;7,8;7
25/05/2022;2;7;7,2;7,8;9;7;6,8;6,8;8,4;7,4;7,6;8,6;8,2;6,6;6,8;6,2;6,8;7;6,8;7,4;6,6;6,8;6,8;8;7,8;7,6;8,4;6,8;7,6;7,8;7,6;7,8;9,2
25/05/2022;3;7;6,8;6,6;6,6;8;9;6,8;6,6;6,8;7,6;7,8;6,8;6,6;7,8;8,6;8,2;7,8;8,2;6,8;7,6;7,8;7,8;7,6;8,4;6,8;7;7,8;6,8;6,6;6,8;6,8;7
25/05/2022;4;7,4;6,8;7,6;7,6;9,4;8,6;8;7,6;7,8;6,8;7,4;8,6;6,8;7,4;6,8;6,8;8,4;6,8;7,4;7,2;8,2;6,8;7,6;7,6;9,2;7;7,6;7,8;7,8;8;8,2;7
25/05/2022;5;8,6;6,2;6,8;6,8;6,8;8;6,8;8;7,6;8,2;8,4;6,6;8,4;7,2;6,8;6,6;6,8;7;6,6;6,8;6,8;8;9,8;7;6,8;7;9;7,4;7;7,4;6,8;7
25/05/2022;6;8,2;8,2;8,2;8,4;7;6;7,2;7;7;7,2;6,8;9,2;6,8;7,2;6,6;6,6;6,8;7,6;7;6,8;8,6;8,4;7,6;7;7,8;8,6;6,2;6,8;6,8;6,8;8,4;8,2
26/05/2022;1;6;6,4;6;6,2;6;6,2;6;6,2;6;6,2;6,6;6,4;6,2;6,6;6,2;6,4;6,2;6,4;6,6;7,2;6,2;7,4;7,4;6,2;7,6;6;6,6;6;7,8;6,2;6,6;6,4
26/05/2022;2;6,4;6;6,6;6,4;6,4;6,6;6,2;6,2;6,4;6,8;6;6;7,2;7;6,2;6,8;6,4;6,6;6,6;6,4;6,2;6,2;6;6;7,2;7,8;6,2;6,4;6;6,6;6,8;6,6
26/05/2022;3;6,6;6,6;6,6;6,4;7,2;6,4;6,6;6,2;6,4;6,4;6,6;6,2;7,2;6,2;6,2;7,4;6,2;6,8;6,4;6,8;6,4;6,2;6,6;6,4;6,6;6,2;6,6;6,2;7,4;6,8;6,4;6,6
26/05/2022;4;6,4;6,4;6,6;6,6;6,4;6,2;6,4;6,4;6,6;6,8;6,2;6,2;6,2;6,2;6,4;6,4;6,2;6,2;6,8;6,2;6,2;6;6;6,4;6,2;7,2;6,6;6;6,2;6;6,2;6,2
26/05/2022;6;7,4;7,2;7,6;6,8;6,6;6,4;6,4;7,8;6,4;6,6;6,4;6;7,4;6,8;6,8;7;6,8;7,2;6,6;6,4;6,8;6,4;8;6,4;6,6;6,8;6;6,6;6,8;7;6,2;8,2
27/05/2022;1;8;7,4;9,4;7,6;7,8;7,8;8;7,8;9;9,4;7;7,2;8,6;7;9,6;7,2;9;8,4;9,4;8,6;9;8;8,4;8,2;7;7,2;7;9,6;7,2;7;8,8;9
27/05/2022;2;6,8;7,4;7,8;7,6;8,4;6,8;7,4;6,8;6,8;7;7,6;7,8;7,6;9,2;7;7,6;7,8;7,8;7,6;8,4;6,8;7,4;6,6;6,8;6,8;8;7,6;7;7,8;8,2;8,6;7,6
27/05/2022;3;6,8;7;7,8;8,2;7,8;7,6;8,4;6,8;7,4;6,6;6,8;6,8;8;7,6;7;8;7,6;7;7,4;6,8;7,4;9;7;7,8;6,8;7,4;7,8;7,6;8,4;6,8;7,4;7,8
27/05/2022;4;7,8;6,8;8;7,6;7;8;7,6;7;7,4;6,8;7,6;7,6;9,4;8,6;8;7,6;7,8;6,8;7,4;8,8;6,8;7,6;8,4;6,8;7,4;6,8;6,8;7;7,6;7,8;6,8;8,4
27/05/2022;5;6,2;8,4;9,4;6,8;6,8;6,8;7;6,8;6,6;7,2;7,2;7;6,4;7,2;7;6,8;9,8;6,8;7,6;8,2;6,6;6,6;7,4;6,6;7,4;6,6;6,6;8,2;8;6,2;6,8;6,8
27/05/2022;6;6,8;6,8;6,8;6,8;7,2;7;6,8;6,6;7,4;6,8;6,6;6,8;6,8;6,8;6,8;6,8;6,8;7,2;7,8;7,2;6,8;6,6;6,8;6,8;6,6;8,4;9,8;8,4;8,2;7;7,8;7
30/05/2022;1;6,6;7,6;6,6;8,4;6,6;6,8;7,6;7,4;6,8;6,6;7,2;7,4;6,8;9,2;7;6,6;6,8;7,4;7;6,6;6,8;7,6;7,4;6,8;6,6;7,8;6,6;6,8;6,8;7,2;7;6,8
30/05/2022;2;9;7,2;7;7,4;6,6;8,2;7,8;6,8;7,2;7,2;7;6,8;8,4;8,8;6,6;6,8;8,6;7,6;7,8;7,2;9,4;7,4;6,8;6,8;7;6,8;8,2;6,6;6,6;8,4;7,8;7,8
30/05/2022;4;7,6;7;8,8;9,4;7,4;6,8;7;7,8;7,6;7,2;7,6;7,2;7,6;7,2;7,6;6,8;6,8;6,8;9;8;7,2;7,4;7;7,4;7,2;6,6;8,6;7;6,8;7,8;7,6;7,2
30/05/2022;5;7,4;8,6;7,2;7,4;6,8;8;7;7;7,6;7,6;7,2;6,8;7,6;7,2;6,8;7,6;7,2;6,8;7,6;8;7,6;6,8;7,4;6,8;8;7,4;7,2;7,2;6,8;7,4;7,2;9,6
30/05/2022;6;8,4;7,4;6,8;6,8;7;9,4;7,6;7;6,8;6,8;7,4;7,2;7,4;6,8;7,2;8,6;7;7,4;7,2;6,8;7;8;7,4;7,8;7,6;8,4;6,8;7,6;7,4;7,6;7,2;7
31/05/2022;1;7;6,8;6,6;6,6;8;9;6,8;6,6;6,8;7,6;7,8;6,8;6,6;7,8;8,6;8,2;7,8;8,2;6,8;7,6;7,8;7,8;7,6;8,4;6,8;7;7,8;6,8;6,6;6,8;6,8;7
31/05/2022;2;7,4;6,8;7,6;7,6;9,4;8,6;8;7,6;7,8;6,8;7,4;8,6;6,8;7,4;6,8;6,8;8,4;6,8;7,4;7,2;8,2;6,8;7,6;7,6;9,2;7;7,6;7,8;7,8;8;8,2;7
31/05/2022;3;8,6;6,2;6,8;6,8;6,8;8;6,8;8;7,6;8,2;8,4;6,6;8,4;7,2;6,8;6,6;6,8;7;6,6;6,8;6,8;8;9,8;7;6,8;7;9;7,4;7;7,4;6,8;7
31/05/2022;4;8,2;8,2;8,2;8,4;7;7;7,2;7;7;7,2;6,8;9,2;6,8;7,2;6,6;6,6;6,8;7,6;7;6,8;8,6;8,4;7,6;7;7,8;8,6;6,2;6,8;6,8;6,8;8,4;8,2
31/05/2022;5;10;7,2;7;7,4;6,6;8,2;7,8;6,8;7,2;7,2;7;6,8;8,4;8,8;6,6;6,8;8,6;7,6;7,8;7,2;9,4;7,4;6,8;6,8;7;6,8;6,6;6,6;7,8;8,2;7,6;7,6
31/05/2022;6;8,2;7,2;7,8;6,6;6,8;6,8;6,6;7,2;7,8;6,6;6,8;6,8;6,6;7,4;7,8;7,2;7,8;6,6;6,8;6,8;6,6;10;8,4;8,2;7,2;7,8;6,6;6,8;6,8;6,6;8,6;7,6
01/06/2022;1;9;6,2;9,2;7;6,8;6,2;8,6;6,8;6,6;7,2;6,8;8,2;6,8;6,6;7;6,8;6,8;6,6;6,8;7,4;7;6,8;7,4;8,2;6,8;7,4;7;7,4;7;6,8;7,4;6,8
01/06/2022;2;6,2;8,4;9,4;6,8;6,8;6,8;7;6,8;6,6;7,2;7,2;7;6,4;7,2;7;6,8;9,8;6,8;7,6;8,2;6,6;6,6;7,4;6,6;7,4;6,6;6,6;8,2;8;6,2;6,8;6,8
01/06/2022;3;6,8;6,8;6,8;6,8;7,2;7;6,8;6,6;7,4;6,8;6,6;6,8;6,8;6,8;6,8;6,8;6,8;7,2;7,8;7,2;6,8;6,6;6,8;6,8;6,6;8,4;9,8;8,4;8,2;7;7,8;7
01/06/2022;4;7,8;6,8;6,8;7,4;6,2;8,2;7;7,6;7;6,8;7,4;7,2;7;9,2;7,2;7;7;7,6;7,6;6,8;6,6;6,8;7,8;7;9,4;7,4;6,8;6,6;7,2;7;7,8;7,2
01/06/2022;5;6,8;7;6,8;7,4;7,2;9,2;6,8;6,2;9,6;6,2;7,2;6,8;7,8;7,2;7,4;7,2;7,6;8,2;7,4;8,2;6,8;7,8;8,8;8;7,6;7,2;7,4;7,6;6,8;6,6;6,8;8,8
01/06/2022;6;8,6;7,2;7,4;7;7;6,8;7,4;9,4;6,6;6,8;6,8;8;8,8;6,8;7,2;7;7;7,6;8,8;6,8;7,4;7,8;6,8;7,2;7;7,2;8,6;7,6;6,4;7;7,8;6,8
02/06/2022;1;8,4;8,2;7,8;7,6;8,2;7,6;7;6,8;8,6;7;7,2;7,8;6,8;8,6;7;7,2;7,8;7,6;7,8;7,8;7,6;8,4;6,8;7,4;6,6;6,8;6,8;8;8,6;8,4;7,8;7,8
02/06/2022;2;7,8;7,4;8,2;8,6;8;7,6;7;8;7,6;7;7,4;6,8;7,4;9;7;8,4;7,6;7,8;8,6;8,2;7,6;7;6,8;8,6;7;7,2;7,8;6,8;8,6;7;7,2;7,8
02/06/2022;3;8,6;8,2;6,8;7,8;6,8;6,6;6,8;6,8;8;7,6;8,4;9,8;7,8;8,4;8,6;7,6;8,4;9,8;7,4;7,6;8,2;7;6,8;8;7,6;7;7,4;6,6;7,4;9;8,6;8
02/06/2022;4;7;7,4;6,8;7,4;9;7;8,4;7,6;7,8;8,6;7,8;8,4;8,6;8;7,8;8,2;8,4;7,6;7,6;7,8;6,8;6,6;6,8;6,8;8;7,6;8,6;7;7,2;7,8;7,8;7,8
02/06/2022;5;6,8;8,6;7;7,2;7,8;8;7,6;8,4;9,8;6,6;7,4;9;7;6,8;8,2;7,6;7;6,8;7,8;7,4;8,2;8,6;7,8;7,6;8,4;6,8;7,4;6,6;7,2;6,8;7,8;7,6
02/06/2022;6;6,8;7,8;7,4;8,2;8,6;8;7,6;7;8;7,6;7,2;7,8;6,8;8,6;7;7,2;8,4;8,6;8;7,8;8,2;8,4;7,6;7,6;7,8;6,6;6,8;6,8;8,6;8,4;7,8;7,8
03/06/2022;1;7,2;7,2;7,8;6,6;6,8;6,8;6,6;6,8;6,8;7,6;8,2;6,8;6,6;6,8;6,2;6,8;7;6,6;6,4;7,8;6,8;6,8;6,6;6,8;6,8;7,6;8,2;7,2;7,8;6,6;6,8;8,2
03/06/2022;2;8,2;6,8;6,6;6,8;7,6;7,4;6,8;7,2;7,8;6,6;6,8;6,8;6,6;7,8;8,6;8,2;7,8;8,2;6,8;6,6;6,8;7,6;7,4;6,8;7,2;7,8;6,6;6,8;7,2;6,8;6,8;7
03/06/2022;3;6,8;7,6;7,8;7,2;7,8;6,6;6,8;6,8;6,6;8,2;6,8;6,6;6,8;7,6;7,4;6,8;6,8;6,8;7,4;7,2;8,2;6,8;6,6;6,8;7,6;7,4;6,8;7,6;7,8;8;8,2;7
03/06/2022;4;7,2;6,4;6,8;6,8;7,4;8;7,8;7,4;7,8;7;7,4;8,6;7,6;6,4;8,4;6,8;7;7,8;6,8;7,8;7,8;8;6,8;7,2;7;7,4;7,6;7,8;7,6;6,8;7,6;7,2
03/06/2022;5;6,8;9,4;7,2;6,8;7,2;8;6,8;7;6,8;7;6,8;6,8;6,8;6,4;7,6;7,4;6,8;7,2;7,2;8,6;7;7;7;7,8;6,8;6,8;6,6;9,2;8,8;7;6,6;6,8
03/06/2022;6;8;8,6;7,8;6,6;6,8;6,8;6,6;7,2;7,4;6,6;6,6;6,8;7;7,2;6,8;6,8;7,2;6,8;7,6;7,2;6,8;6,8;8,6;7,4;6,8;6,8;6,8;6,6;7,2;7,4;8,6;7,2
06/06/2022;5;7,2;9;8,4;9,4;8,6;9;8;8,8;9,6;11;10;11;9,4;7,8;8,2;8;9,2;8,8;7,2;7;8,6;7,2;8,4;8,2;7;7,2;7;9,6;7,2;7;8,8;9
06/06/2022;6;8,2;8,6;12;7,8;7,6;7,4;8,2;8;11;7,8;9;8;10;9,6;9,2;8,2;7,6;10;7,4;9;7,4;10;7,4;10;8;9;8;7;12;8,6;9;7,2
07/06/2022;5;8,4;8,2;7,6;7,6;8,4;6,8;7,6;7;7,8;7,6;7,4;7;8;8,4;7,8;7,4;7,8;7;7,6;7,4;7,4;7,4;7,2;7,2;9,4;7;7,4;7,6;8,6;7;7,6;7
07/06/2022;6;8,2;8,6;10;7,8;7,6;7,4;8,2;8;11;7,8;9;8;10;9,6;9,2;8,2;7,6;10;7,4;9;7,4;10;7,4;10;8;9;8;7;12;8,6;9;7,2
08/06/2022;2;8,8;7,8;7,4;7,2;7,4;7,2;7;7;8,2;7,2;8,2;8,6;7;8;9,4;7,8;8,4;14;7,8;7;8,2;8,6;7,8;7;7;7,4;7;8;9,4;9,4;7,8;7,6
08/06/2022;3;7,8;7,4;7,4;7,4;8,6;8,4;11;8,4;8;8;7,8;8,6;8,4;7,6;9;8;9;10;7,8;8,2;8,2;7;8,4;8;8,2;7,6;7,4;10;7,8;7,8;10;7,8
09/06/2022;1;6,8;7,4;7,8;7,6;8,4;6,8;7,4;6,8;6,8;7;7,6;7,8;7,6;9,2;7;7,6;7,8;7,8;7,6;8,4;6,8;7,4;6,6;6,8;6,8;8;7,6;7;7,8;8,2;8,6;7,6
09/06/2022;2;6,8;7;7,8;8,2;7,8;7,6;8,4;6,8;7,4;6,6;6,8;6,8;8;7,6;7;8;7,6;7;7,4;6,8;7,4;9;7;7,8;6,8;7,4;7,8;7,6;8,4;6,8;7,4;7,8
09/06/2022;3;7,8;6,8;8;7,6;7;8;7,6;7;7,4;6,8;7,6;7,6;9,4;8,6;8;7,6;7,8;6,8;7,4;8,8;6,8;7,6;8,4;6,8;7,4;6,8;6,8;7;7,6;7,8;6,8;8,4
09/06/2022;4;6,2;8,4;9,4;6,8;6,8;6,8;7;6,8;6,6;7,2;7,2;7;6,4;7,2;7;6,8;9,8;6,8;7,6;8,2;6,6;6,6;7,4;6,6;7,4;6,6;6,6;8,2;8;6,2;6,8;6,8
09/06/2022;5;6,8;6,8;6,8;6,8;7,2;7;6,8;6,6;7,4;6,8;6,6;6,8;6,8;6,8;6,8;6,8;6,8;7,2;7,8;7,2;6,8;6,6;6,8;6,8;6,6;8,4;9,8;8,4;8,2;7;7,8;7
09/06/2022;6;7,8;6,8;6,8;7,4;6,2;8,2;7;7,6;7;6,8;7,4;7,2;7;9,2;7,2;7;7;7,6;7,6;6,8;6,6;6,8;7,8;7;9,4;7,4;6,8;6,6;7,2;7;7,8;7,2
13/06/2022;1;8;8;7,8;8,8;7,8;11;8,6;8,8;7,6;8,4;8,2;8,2;8;9;18;7,6;8;9,2;8;9,4;7,8;8,2;8,6;7,4;7,8;9;7,8;8,4;8;9,4;8,8;8,4
13/06/2022;2;9,6;8,6;9;7,2;7,8;9;7;9,8;8,8;8,4;7,4;7;8,4;7,6;7,8;8,6;8,2;7,6;7;20;8,6;8,4;8,6;8;7,8;8,2;8,4;10;9,6;8,6;8,4;8,2
13/06/2022;3;8,4;12;8;8,2;8;9;8,8;9,4;8,2;8;10;8,6;8;8,2;8,4;8,4;12;9,2;9;9;9;8,4;9,4;8,2;8,4;14;9,2;8,4;8,8;7,6;10;7,8
13/06/2022;4;11;9;8;9,4;8,2;7,8;8,6;8,8;7,6;7;7,2;7,2;10;9,2;8,4;8;16;8,2;7,8;7,8;8,6;7;10;8,4;7,8;8,4;8,4;9;7,6;9,4;8,2;8,6
13/06/2022;5;9;9,6;7,4;14;8,6;8,4;8;7,8;8,6;9,6;8,4;7,8;9,4;10;8,2;10;11;12;9,4;10;8;9,8;8,4;10;10;10;8,6;8;7,8;9;7,6;7,6
13/06/2022;6;8,2;8,2;8,2;8,4;7,2;8;7,6;8,4;8,4;8,8;7,8;8,6;8,6;7,8;7,4;8;7,4;9;9,6;7,8;8,4;8,2;16;8;7,4;8,2;7,8;8,2;7,8;7,6;8;11
14/06/2022;1;8,2;7,4;8,2;7,8;7,2;8,2;7,4;7;9,6;8,6;9;7;9;8,8;9,2;7,6;8;15;7,2;7;9,8;10;12;9,2;7,4;7,2;17;8,2;7;8;7;7,6
14/06/2022;2;8,4;8,2;7,6;7,6;8,4;6,8;7,6;7;7,8;7,6;7,4;7;8;8,4;7,8;7,4;7,8;7;7,6;7,4;7,4;7,4;7,2;7,2;9,4;7;7,4;7,6;8,6;7;7,6;7
14/06/2022;3;8,8;7,8;7,4;7,2;7,4;7,2;7;7;8,2;7,2;8,2;8,6;7;8;9,4;7,8;8,4;14;7,8;7;8,2;8,6;7,8;7;7;7,4;7;8;9,4;9,4;7,8;7,6
14/06/2022;4;7,4;7,8;8;6,8;7,8;6,8;7;8,8;8,6;9,4;8,6;8,6;7,4;7,8;8,6;6,8;8,8;8,6;7;9,4;12;7,2;8;7,6;8,6;8,6;7,8;8,4;7,4;6,8;7;8,6
14/06/2022;5;8,4;8,2;7,8;7,6;8,2;7,6;7;6,8;8,6;7;7,2;9,8;8,8;8,6;7;7,2;7,8;7,6;7,8;7,8;7,6;8,4;6,8;7,4;9,6;6,8;6,8;8;8,6;8,4;7,8;7,8
14/06/2022;6;7,8;7,4;8,2;8,6;8;7,6;7;8;7,6;7;7,4;7,8;7,4;9;7;8,4;7,6;7,8;8,6;8,2;7,6;9;9,8;8,6;7;7,2;7,8;8,8;8,6;8;7,2;7,8
15/06/2022;1;10;8,2;8,6;8,6;8,2;8;7,6;7,6;7,8;7,4;8;8,6;7;8,6;9,4;10;6,8;7;8;7,6;8,4;7,6;6,8;7,6;7;9,2;6,8;6,8;6,8;8;7,6;6,8
15/06/2022;2;9,4;8,2;8,6;7;7,2;7,6;8,4;9;7;6,8;6,8;8,8;7,6;8,6;7,4;10;6,8;7;7,6;8,6;8,4;7,6;9;8,6;7;9,2;6,8;6,8;6,8;8;7,6;7,4
15/06/2022;3;8,4;8,2;8,6;8,6;8,2;7,4;7,6;9,6;8,4;7,4;9,6;8;7;8,6;7,8;10;6,8;7,6;7;7,2;7,6;8,4;9;7;6,8;6,8;8,6;8;6,8;8;7,6;7,4
15/06/2022;4;10;9,8;7,2;7,2;6,8;9;9;7,2;7,2;8,6;7,2;6,8;6,8;7,6;9;7,4;7,6;7;6,8;6,8;7,4;6,8;7;7,2;7,6;7;6,8;7,6;6,8;8,2;7;7,6
15/06/2022;5;10;7,2;7;7,4;8,6;8,2;8,4;6,8;7,2;7,2;7;6,8;6,8;7,4;6,8;9;7,4;7,4;6,8;6,8;7,8;8,2;7;7;9,4;7,4;6,8;6,8;12;6,8;8,2;8
15/06/2022;6;7;6,8;6,8;8,6;6,8;8,4;8,6;6,8;7;7,6;7,8;8,6;7,4;6,8;8,2;9,6;7,4;9;9,2;9;7;7,4;7,2;9,2;8;6,8;7;9,6;7,2;9,2;7,8;9,4
20/06/2022;1;7,4;7,8;8;6,8;7,8;6,8;7;8,8;8,6;9,4;8,6;8,6;7,4;7,8;8,6;6,8;8,8;8,6;7;9,4;9;7,2;8;7,6;8,6;8,6;7,8;8,4;7,4;6,8;7;8,6
20/06/2022;2;8,4;8,2;7,8;7,6;8,2;7,6;7;6,8;8,6;7;7,2;7,8;6,8;8,6;7;7,2;7,8;7,6;7,8;7,8;7,6;8,4;6,8;7,4;6,6;6,8;6,8;8;8,6;8,4;7,8;7,8
20/06/2022;3;7,8;7,4;8,2;8,6;8;7,6;7;8;7,6;7;7,4;6,8;7,4;9;7;8,4;7,6;7,8;8,6;8,2;7,6;7;6,8;8,6;7;7,2;7,8;6,8;8,6;7;7,2;7,8
20/06/2022;4;8,6;8,2;6,8;7,8;6,8;6,6;6,8;6,8;8;7,6;8,4;9,8;7,8;8,4;8,6;7,6;8,4;9,8;7,4;7,6;8,2;7;6,8;8;7,6;7;7,4;6,6;7,4;9;8,6;8
20/06/2022;5;7;7,4;6,8;7,4;9;7;8,4;7,6;7,8;8,6;7,8;8,4;8,6;8;7,8;8,2;8,4;7,6;7,6;7,8;6,8;6,6;6,8;6,8;8;7,6;8,6;7;7,2;7,8;7,8;7,8
20/06/2022;6;6,8;8,6;7;7,2;7,8;8;7,6;8,4;9,8;6,6;7,4;9;7;6,8;8,2;7,6;7;6,8;7,8;7,4;8,2;8,6;7,8;7,6;8,4;6,8;7,4;6,6;7,2;6,8;7,8;7,6
21/06/2022;2;8,6;7,8;7,8;9,2;8;11;8;7,2;7,4;6,8;6,6;7,2;7,8;6,8;6,6;7,2;7,8;6,8;8,4;7,6;8;7;7,4;7,8;8,6;7,6;7;7;6,8;7,6;7,8;7,8
21/06/2022;3;7,8;8;7,6;7,4;8;8;7,8;8,6;7,4;7,6;8,6;9;6,8;8,2;8,4;7,2;7,4;7,2;8,2;7;8,6;7;6,8;7,4;8,6;7,4;8,6;7,4;7;8;7,6;8,6
21/06/2022;4;8,4;8,2;8,6;7,6;8,2;7,2;8;7,8;9;7,8;9,4;8,6;7;7,4;8,4;8;8;7,8;9;9,2;7,4;7,8;8,2;7,4;7,6;8;8,2;7,8;6,8;9,4;7,4;7,8
21/06/2022;5;7,6;7,2;6,8;7,8;7,4;6,8;7;7,4;6,8;7;7,4;7,2;7,2;7,8;6,8;7,8;6,8;7,4;6,8;7,6;7;7,2;7,2;6,8;7;7,2;9;6,8;8,4;6,8;8;7,4
21/06/2022;6;9;9,6;7,4;9;8,6;8,4;8;7,8;8,6;9,6;8,4;7,8;9,4;10;8,2;10;7;8;9,4;10;8;9,8;8,4;10;10;10;8,6;8;7,8;9;7,6;7,6
22/06/2022;1;7,4;8,8;9;7,6;7,4;7,2;7;7,4;7,6;12;9,6;7,8;7,2;9;9;7,8;8,8;7,6;7,4;6,8;7,2;6,8;7,6;7,6;7,8;7;8,6;7;7;8,4;8,6;6,8
22/06/2022;2;8,4;6,6;6,6;6,8;7,4;8,6;6,8;7;9,4;8,4;7,6;6,8;9,2;9,4;6,8;7,8;9;6,8;7,4;8,8;7,2;7,4;7,4;6,8;6,8;8,2;6,6;6,8;6,8;7,6;7,6;6,8
22/06/2022;4;6,8;6,6;7,6;6,8;6,8;9,6;7,2;7,6;6,8;7,8;7,8;6,6;6,8;8,4;6,6;6,4;6,8;6,8;7,2;6,2;6,8;7,2;7;6,6;8;7;7,2;6,8;7,8;8;8,2;7
22/06/2022;5;8,6;6,2;6,8;6,8;6,8;8;6,8;8;7,6;8,2;8,4;6,6;8,4;7,2;6,8;6,6;6,8;7;6,6;6,8;6,8;8;9,8;7;6,8;7;9;7,4;7;7,4;6,8;7
22/06/2022;6;8,2;8,2;8,2;8,4;7;7;7,2;7;7;7,2;6,8;9,2;6,8;7,2;6,6;6,6;6,8;7,6;7;6,8;8,6;8,4;7,6;7;7,8;8,6;6,2;6,8;6,8;6,8;8,4;8,2
23/06/2022;1;7,8;6,8;8;7,6;7;8;7,6;7;7,4;6,8;7,6;7,6;9,4;8,6;8;7,6;7,8;6,8;7,4;8,8;6,8;7,6;8,4;6,8;7,4;6,8;6,8;7;7,6;7,8;6,8;8,4
23/06/2022;2;8,2;8,2;8,2;8,4;7;7;7,2;7;7;7,2;6,8;9,2;6,8;7,2;6,6;6,6;6,8;7,6;7;6,8;8,6;8,4;7,6;7;7,8;8,6;6,4;6,8;6,8;6,8;8,4;8,2
23/06/2022;3;9,4;7,2;7;7,4;6,6;8,2;7,8;6,8;7,2;7,2;7;6,8;8,4;8,8;6,6;6,8;8,6;7,6;7,8;7,2;9,4;7,4;6,8;6,8;7;6,8;8,2;6,6;6,6;8,4;7,8;7,8
23/06/2022;4;8,2;6,8;6,6;6,8;7,6;7,4;6,8;7,2;7,8;6,6;6,8;6,8;6,6;7,8;8,6;8,2;7,8;8,2;6,8;6,6;6,8;7,6;7,4;6,8;7,2;7,8;6,6;6,8;7,2;6,8;6,8;7
23/06/2022;5;6,8;7,6;7,8;7,2;7,8;6,6;6,8;6,8;6,6;8,2;6,8;6,6;6,8;7,6;7,4;6,8;6,8;6,8;7,4;7,2;8,2;6,8;6,6;6,8;7,6;7,4;6,8;7,6;7,8;8;8,2;7
23/06/2022;6;6,8;6,6;6,8;6,8;8;7,2;6,8;6,8;7,4;7,6;8,4;9,8;7,8;8,2;6,8;6,6;6,8;6,2;6,8;7;6,6;6,8;6,8;6,6;6,8;7,6;7,8;6,8;8,4;7,4;6,8;7
24/06/2022;2;6,6;7,2;6,6;6;6,6;6;6;6;6;6;6,8;6;6;6;6,8;6,2;6;6;6;6,4;6;6;6,8;6,4;6,4;6,6;6;6;6;6;6,2;6,6
24/06/2022;3;6;6;6;6;6;6,2;6,6;7;6,2;6,2;6,8;6;6;6;6;6;6;6;6;6;6;6;6,2;6,4;6,6;7,2;6;6;6;6;6,2;6
24/06/2022;4;6,2;6,6;6;6,2;6,2;6,8;6,8;6,6;6,6;6;7,2;6,6;6;6;6,6;6,8;6,2;6,4;6;6,6;6,8;7,4;6,6;6,6;6,4;6;6,4;6,2;6,2;6;6,2;6,6
24/06/2022;5;6,2;6,4;6;6,2;6,6;7;6,2;6,2;6,4;6,6;6,2;6;6;6,2;6,6;6,2;6,6;6,2;6,8;6;6;6,4;6,2;6,2;6,2;6,4;7;7;6,8;6,4;6,6;6,4
24/06/2022;6;6,4;6,8;6,6;6,2;6,8;6,4;6;6,8;6,6;6;6,2;6,8;6;6;6,6;6,2;6;6,4;6;6;6,4;6,8;6,2;6;6,6;6;6;6;6;6;6;6
27/06/2022;1;7;6,8;6,8;6,6;6,8;8,4;8,6;6,8;7;6,6;6,6;6,6;7,4;6,8;8,2;6,6;7,4;6,6;6,6;9;7;7,4;7,2;9,2;8;6,8;7;6,6;7,2;6,6;7,8;6,8
27/06/2022;3;7,2;7,2;6,8;6,8;6,8;6,8;7,6;6,8;6,8;6,6;6,8;6,6;6,6;6,4;7;6,4;7,4;7;7,2;6,4;7;6,8;6,6;7;6,6;6,6;6,6;7;7;6,8;6,6;6,6
27/06/2022;4;8,4;7,4;6,8;6,8;7;9;7,6;7;6,8;6,8;7,4;7,2;7,4;6,8;7,2;8,6;7;7,4;7,2;6,8;7;8;7,4;7,8;7,6;8,4;6,8;7,6;7,4;7,6;7,2;7
27/06/2022;5;8;8,8;7,2;7,4;6,8;7,2;7,8;7,4;7,2;6,6;6,6;6,8;7;7,4;6,8;7,6;6,8;8,2;7,2;6,8;7;6,8;7;7,2;7,8;7,4;7,2;6,8;6,6;7,6;6,8;6,8
27/06/2022;6;7,4;7,2;7;8;8,8;7;8,4;7,4;7,2;7,4;6,8;7,4;6,8;7,6;7,2;7;7,6;6,8;6,8;6,8;6,8;6,6;6,8;6,8;6,8;7,4;7,6;6,8;7,4;7;6,8;6,8
28/06/2022;1;7,6;6,8;7,2;6,6;6,8;7;7;7,2;7,4;6,8;7,2;6,8;7;7,4;7;7,2;7;7,8;7,6;7,6;7,4;6,8;6,8;7,8;6,6;6,8;7,4;8,2;6,8;6,6;7;6,8
28/06/2022;2;7,2;7,2;7,8;6,6;6,8;6,8;6,6;6,8;6,8;7,6;8,2;6,8;6,6;6,8;6,2;6,8;7;6,6;6,4;7,8;6,8;6,8;6,6;6,8;6,8;7,6;8,2;7,2;7,8;6,6;6,8;8,2
28/06/2022;3;8,2;6,8;6,6;6,8;7,6;7,4;6,8;7,2;7,8;6,6;6,8;6,8;6,6;7,8;8,6;8,2;7,8;8,2;6,8;6,6;6,8;7,6;7,4;6,8;7,2;7,8;6,6;6,8;7,2;6,8;6,8;7
28/06/2022;4;6,8;7,6;7,8;7,2;7,8;6,6;6,8;6,8;6,6;8,2;6,8;6,6;6,8;7,6;7,4;6,8;6,8;6,8;7,4;7,2;8,2;6,8;6,6;6,8;7,6;7,4;6,8;7,6;7,8;8;8,2;7
28/06/2022;5;6,6;6,2;7,2;6,6;6,4;7,4;6,4;6,6;6;6;6,2;6,4;6,6;6,2;6,4;6,4;6,2;6,8;6,4;6,6;7,2;6,8;6,2;6,8;7,8;6;6,8;6;7,2;7;6,2;8,4
28/06/2022;6;7,6;7,4;6,8;6,6;6,6;6,8;6,8;6,8;7,4;8,2;6,8;6,2;7,2;6,6;6,8;6,6;6,2;7,2;6,2;6,8;6,4;6,6;6,8;6,6;6,6;6,2;7,2;6,6;6,4;7,4;6,4;6,8
29/06/2022;1;7,8;7;7,2;6;6,4;9;7,2;6,2;6,8;6,4;6,6;7,2;6,8;7,6;7;6,6;6,8;6,2;8,4;6,6;6,8;7,6;7,4;6,8;6,6;6,2;7,2;6,6;6,2;7,2;6,8;7,4
29/06/2022;2;6,8;7,6;6,2;8,4;6,6;6,8;7,6;7,4;6,8;6,6;6,2;7,2;6,8;6,6;6,6;6,2;8;6,4;9;7;7,2;6;6,4;9;6,2;9,2;7;6,8;6,2;8,6;6,6;6,8
29/06/2022;3;6,8;6,6;7,8;6,8;7;8,2;6,4;6,6;6,8;7;6,6;6,8;7,6;7,4;6,8;6,6;7,6;7,4;6,8;6,4;8,8;7,6;6,6;7,6;6,2;8,4;7,2;6,8;6,8;9,2;7;6,6
29/06/2022;5;6,6;6,8;6,8;6,8;7,4;8,2;6,8;6,2;6,8;6,6;7,6;7,4;6,8;6,4;6;6,4;9;6,2;9,2;7;6,8;6,6;8;9;7,2;6,8;6,8;7,4;7,2;6,8;7;7,6
29/06/2022;6;6,8;8,2;6,8;6,6;7;7,6;6,8;7,6;7,8;6;6,8;7,2;7,2;6,8;6,8;6,8;6,6;6,8;6,6;6,6;6,2;6,8;6,6;6,6;6,2;7,2;6,6;6,4;7,4;6,8;7,8;9
30/06/2022;1;8;7,2;6,8;8,6;6,6;6,8;6,8;6,8;7,4;8,2;6,8;6,2;7,2;6,6;6,2;7,2;6,2;6,8;6,4;6,6;7,2;6,2;9,2;7;6,6;6,8;7,2;6,8;6,2;7,4;6,8;7
30/06/2022;2;6,8;6,6;7,6;6,8;6,8;9,6;7,2;7,6;6,8;7,8;7,8;6,6;6,8;8,4;6,6;6,4;6,8;6,8;7,2;6,2;6,8;7,2;7;6,6;8;7;7,2;6,8;7,8;8;8,2;7
30/06/2022;3;8,6;6,2;6,8;6,8;6,8;8;6,8;8;7,6;8,2;8,4;6,6;8,4;7,2;6,8;6,6;6,8;7;6,6;6,8;6,8;8;9,8;7;6,8;7;9;7,4;7;7,4;6,8;7
30/06/2022;4;8,2;8,2;8,2;8,4;7;7;7,2;7;7;7,2;6,8;9,2;6,8;7,2;6,6;6,6;6,8;7,6;7;6,8;8,6;8,4;7,6;7;7,8;8,6;6,2;6,8;6,8;6,8;8,4;8,2
30/06/2022;6;6,8;6,6;6,8;6,8;8;7,2;6,8;6,8;7,4;7,6;8,4;9,8;7,8;8,4;8,6;7,8;8,2;8,4;7,6;7,6;7,8;6,8;6,6;6,8;6,8;8;7,6;6,8;7,6;7,4;6,8;8
01/07/2022;1;7;6,4;8,2;7;7;7;6,8;7,8;7;8;6,8;6,2;7,4;9;6,4;6,8;6,8;6,6;6,4;8,8;7;9,6;7;8,2;7;7,8;7,8;6,6;6,6;7,4;7,2;6,2
01/07/2022;2;7,6;7;8,8;9,4;7,4;6,8;7;7,8;7,6;7,2;7,6;7,2;7,6;7,2;7,6;6,8;6,8;6,8;9;8;7,2;7,4;7;7,4;7,2;6,6;8,6;7;6,8;7,8;7,6;7,2
01/07/2022;3;7,4;8,6;7,2;7,4;6,8;8;7;7;7,6;7,6;7,2;6,8;7,6;7,2;6,8;7,6;7,2;6,8;7,6;8;7,6;6,8;7,4;6,8;8;7,4;7,2;7,2;6,8;7,4;7,2;9,6
01/07/2022;4;8,4;7,4;6,8;6,8;7;9,4;7,6;7;6,8;6,8;7,4;7,2;7,4;6,8;7,2;8,6;7;7,4;7,2;6,8;7;8;7,4;7,8;7,6;8,4;6,8;7,6;7,4;7,6;7,2;7
01/07/2022;6;8;8,8;7,2;7,4;6,8;7,2;7,8;7,4;7,2;6,6;6,6;6,8;7;7,4;6,8;7,6;6,8;8,2;7,2;6,8;7;6,8;7;7,2;7,8;7,4;7,2;6,8;6,2;7,6;6,8;6,8
04/07/2022;1;7,4;7,2;7;8;9,8;7;8,4;7,4;7,2;7,4;6,8;7,4;6,8;7,6;7,2;7;7,6;6,8;6,8;6,8;6,8;6,6;6,4;6,8;6,8;7,4;7,6;6,8;7,4;7;6,8;6,8
04/07/2022;2;9,2;6,8;7,4;7;6,8;6,8;8,4;7,8;7,6;7;6,8;7,2;7,2;7;7;9,4;8,8;8,6;7,4;7,2;7,6;6,8;6,8;7,4;7,6;6,6;6,8;8,2;7,4;7,6;6,8;6,8
04/07/2022;3;7,8;6,8;6,8;7,4;6,2;8,2;7;7,6;7;6,8;7,4;7,2;7;9,2;7,2;7;7;7,6;7,6;6,8;6,6;6,8;7,8;7;9,4;7,4;6,8;6,6;7,2;7;7,8;7,2
04/07/2022;4;6,8;7;6,8;7,4;7,2;9,2;6,8;6,2;9,6;6,2;7,2;6,8;7,8;7,2;7,4;7,2;7,6;8,2;7,4;8,2;6,8;7,8;8,8;8;7,6;7,2;7,4;7,6;6,8;6,6;6,8;8,8
04/07/2022;6;8,6;7,2;7,4;7;7;6,8;7,4;9,4;6,6;6,8;6,8;8;8,8;6,8;7,2;7;7;7,6;8,8;6,8;7,4;7,8;6,8;7,2;7;7,2;9;7,6;6,4;7;7,8;6,8
05/07/2022;1;8,6;8,2;6,8;7,8;6,8;6,6;6,8;6,8;8;7,6;8,4;9,8;7,8;8,4;8,6;7,6;8,4;9,8;7,4;7,6;8,2;7;6,8;8;7,6;7;7,4;6,6;7,4;9;8,6;8
05/07/2022;2;7;7,4;6,8;7,4;9;7;8,4;7,6;7,8;8,6;7,8;8,4;8,6;8;7,8;8,2;8,4;7,6;7,6;7,8;6,8;6,6;6,8;6,8;8;7,6;8,6;7;7,2;7,8;7,8;7,8
05/07/2022;4;6,8;7,8;7,4;8,2;8,6;8;7,6;7;8;7,6;7,2;7,8;6,8;8,6;7;7,2;8,4;8,6;8;7,8;8,2;8,4;7,6;7,6;7,8;6,6;6,8;6,8;8,6;8,4;7,8;7,8
05/07/2022;5;7,4;6,8;7,2;7;7;7;7,2;8,8;7,2;7,6;7;9,4;7,2;8,4;9;6,8;7;7,6;7;7,2;7,8;8,2;7,2;7;7,2;7,2;7,2;7;6,8;8,4;7;7
05/07/2022;6;6,2;8,4;9,4;6,8;6,8;6,8;7;6,8;6,6;7,2;7,2;7;6,4;7,2;7;6,8;9,8;6,8;7,6;8,2;6,6;6,6;7,4;6,6;7,4;6,6;6,6;8,2;8;6,4;6,8;6,8
06/07/2022;1;6,2;6,2;6,8;6,6;6,8;6,4;6,6;7,2;7,2;6,8;6,2;6,8;7,8;6;7,2;7;8,2;8,4;7,4;6,6;7,4;6;7;6,4;6,8;6,4;7,8;6,4;6,8;6,6;6,8;6,6
06/07/2022;2;7,4;6,8;9,2;7;6,8;6,2;8,6;6,8;6,6;7,2;6,8;8,2;6,8;6,6;6,8;6,8;6,8;7,4;8,2;6,8;6,2;7,2;6,6;6,2;7,2;6,6;6,4;6,4;6,6;7,2;7,2;6,8
06/07/2022;4;6,2;8,6;6,8;6,6;7,2;6,8;8,2;6,8;6,6;7;6,8;7,4;8,2;6,8;6,2;7,2;6,6;6,4;6,6;7,2;7,4;6,8;9,2;7;6,6;6,8;7,4;7;6,8;7,4;8,2;6,8
06/07/2022;5;8,8;6,2;6,6;6,4;6,4;6,6;7,2;7,4;6,8;6,8;7,4;8,2;6,8;6,6;7,2;8,6;7,4;7,2;6,8;6,8;6,8;8,2;6,8;6,6;6,8;7,4;7;6,8;7,4;7,6;7,8;8
06/07/2022;6;7,6;8,4;6,8;6,4;7,2;6,8;6,8;7;6,8;6,6;6,8;6,6;6,8;7,4;7;6,8;7,4;8,2;6,8;6,6;7,2;6,6;6,6;6,6;6,4;6,4;6,6;7,2;7,4;6,8;9,2;7
07/07/2022;1;6,4;8,2;8,6;8,6;8,2;6,4;7,6;6,6;6,4;7,4;6,6;6,4;7;8,6;6,4;10;6,8;7;6,6;6,6;8,4;7,6;6,8;6,6;6,4;9,2;6,8;6,8;6,8;8;7,6;6,8
07/07/2022;2;6,4;8,2;8,6;7;7,2;7,6;8,4;9;7;6,8;6,8;6,6;6,6;8,6;6,4;10;6,8;7;6,6;6,6;8,4;7,6;6,8;6,6;6,4;9,2;6,8;6,8;6,8;8;6,6;6,4
07/07/2022;3;6,4;8,2;8,6;8,6;8,2;6,4;7,6;6,6;6,4;7,4;6,6;6,4;7;8,6;6,4;10;6,8;7,6;7;7,2;7,6;8,4;9;7;6,8;6,8;6,6;6,6;6,8;8;6,6;6,4
07/07/2022;4;10;6,8;6,8;6,8;6,8;7,4;9;7;9,4;6,4;8,4;7;6,8;9,4;6,4;7,6;6,8;6,8;6,8;6,8;6,6;6,8;8,8;7;9,4;8;6,6;9,2;8,8;8,8;6,8;8,2
07/07/2022;5;6,4;6,6;7,2;7,2;6,8;6,6;9;7,2;7,2;6,4;7,2;6,8;6,8;7,6;9;7,4;7,6;7;6,8;6,8;7,4;6,8;7;7,2;7,6;7;6,8;7,6;6,8;8,2;7;7
07/07/2022;6;6,4;6,5;6,5;7,6;6,5;7,4;7,9;7,7;7,5;6,5;6,8;6,9;6,7;6,6;6,8;6,6;6,8;8,1;7,4;6,6;6,4;6,3;6,2;6,3;6,4;6,9;6,7;7;6,8;6,4;6,4;7,1
08/07/2022;2;6,2;6,2;8,4;7,4;6,8;9,2;7;6,8;6,2;8,6;6,8;6,6;7,2;6,8;8,2;6,8;6,6;6,8;6,8;6,6;7,8;8;6,8;6,8;7,6;7,2;6,8;8,8;6,6;6,8;6,8;6,8
08/07/2022;3;8,6;8,6;6,6;6,6;6,8;7,2;6,6;8,6;6,8;6,8;7,8;6,8;7,8;6,6;7,8;6,8;7;6,8;6,6;6,8;6,4;7;9,4;7,6;6,6;8;6,6;8;6,6;8;6,8;6,8
08/07/2022;4;9,4;7,6;8,2;8;10;7;7,4;8,2;7,6;10;8,6;7,4;7,4;9,8;7,4;8,2;8;7,4;11;8,8;8,4;8,2;8,6;7,8;11;8,6;7,6;8,6;10;7,4;8;9,2
08/07/2022;5;6,8;7;6,8;8,6;6,8;7;7,6;7,6;7,4;7;9,6;8;6,8;9,2;6,8;6,8;6,6;6,8;8,2;6,6;7,4;7,2;7,6;7,8;7,2;12;8,2;7;7,6;6,6;7,2;7,8
08/07/2022;6;8,8;6,8;6,8;6,8;9,4;9;9,6;7;7,4;6,8;6,8;6,8;7,4;8,2;6,8;6,6;9,6;7,6;7;9,2;8;6,4;7,4;6,4;7,6;9;6,8;7;7,8;8,6;7,6;7,8
11/07/2022;2;8,2;8,2;9,2;7,2;8,6;9,6;7,2;7,6;8,4;7,6;8;8;7,6;7,8;7,8;7,6;7,4;7,8;9,4;7,6;7,6;7,4;7,8;8,8;9;8,4;7,6;7,4;7;7;9,2;8,2
11/07/2022;3;7;7,6;7;6,2;6,8;6,2;6,8;6,6;6,6;6,2;6,8;6,8;6,4;7,4;6,8;6,8;6,4;6,2;7;6,2;6,8;6,6;6,2;8,8;6,2;7;6,6;6,8;8,2;7,6;7,4;6,6
11/07/2022;4;7;7,4;6,6;8;6,2;6,8;6,4;6,8;6,4;8;7,6;6,6;6,2;6,2;7;6,6;6,2;6;6,2;6,2;6,8;6,2;6;7;7,4;7,4;6,2;6,4;6,8;6,8;6,2;6,2
11/07/2022;5;8,2;8,6;8,2;6,6;7,4;8;6,8;6,8;6,8;8;8;6,8;6,8;9,2;7,4;6,6;6,8;7,6;7;7;8,4;6,6;7,2;6,6;6,6;9;6,8;7,2;6,8;7,2;7;6,6
11/07/2022;6;8,8;6,8;7,2;7,4;6,2;6,6;6,8;8,8;6,8;6,6;6,4;7,8;7,2;8;7,4;8;7,4;7,6;8,8;8,8;6,8;6,4;6,8;6,2;6,4;7,6;9;6,8;7,2;8;6,6;8,8
12/07/2022;1;6,6;6,2;7,2;6,6;6,4;7,4;6,4;8,6;6,6;6,2;7,2;6,2;6,8;6,4;6,6;7,2;6,8;6,2;6,8;7,8;6;6,8;7,2;7,2;6,8;6,2;7,4;6,8;9,2;7;6,6;6,8
12/07/2022;3;7,6;6,2;8,4;6,6;6,8;7,6;7,4;6,8;6,6;6,2;7,2;6,2;6,8;6,4;6,6;7,2;7,6;7,4;6,8;6,6;7,8;6,6;6,8;6;7,2;7;6,2;8,4;6,6;6,8;6,6;7,2
12/07/2022;4;6,6;6,8;7,6;7,4;6,8;7,2;7,4;6,2;6,6;6,2;7,2;6,2;6,8;6,4;6,6;7,2;6,6;6,2;9,2;7;6,6;6,8;7,2;6,6;6,4;7,4;6,4;8,6;6,6;7,2;6,8;7,6
12/07/2022;5;6,4;6,2;8,2;6,4;6,6;6,8;6,8;7,4;6,8;6,6;7,2;7,4;6,8;9,2;7;6,6;6,8;7,6;7,4;6,8;6,6;7,6;7,4;6,8;6,4;6,6;6,6;6,8;6,6;7,2;7;6,8
12/07/2022;6;6,4;6,6;7,2;7,2;6,8;6,6;9;7,2;7,2;6,4;7,2;6,8;6,8;8,2;9;8,4;8,6;7,6;8,4;9,8;7,4;7,6;8,2;7;6,8;7,8;7,4;8,2;8,6;7,8;7,6;8,2
13/07/2022;1;7,2;7,4;6,2;6,6;6,2;7,2;7,2;6,8;7,4;6,6;6,6;8,2;7,8;6,8;7,2;7,2;7;6,8;8,4;8,8;6,6;9;8,2;8,4;8,6;8;7,8;8,2;7,6;7,6;7,6;7,8
13/07/2022;3;6,2;6;6,4;6,8;7,6;7,8;6,6;6,8;6,4;6,6;6,8;6,8;7,4;6,4;6,6;6,8;6,2;6,2;7;6,8;7,4;7,6;6,4;6,6;6,8;6,2;6,2;7;6,8;7,4;7,6;8
13/07/2022;4;6,4;7,6;7,2;6,8;6,4;6,6;6,8;6,2;6,2;7;6,8;7,4;7,6;6,2;6;6,4;6,8;7,6;7,8;6,6;6,8;6,4;6,6;6,6;6,6;6,8;8,2;7,2;6,8;6,8;7,4;6,2
13/07/2022;5;6,8;6,4;6,6;6,8;6,8;6,6;6,8;6,8;7,6;8,2;6,8;6,6;6,4;6,6;6,8;6,2;6,2;7;6,8;7,4;7,6;6,8;6,8;7;6,6;6,8;6,4;6,6;6,6;6,6;6,8;8,2
13/07/2022;6;6,4;6,6;6,8;6,2;6,2;7;6,8;7,4;6,2;7;6,8;7,4;7,6;6,2;6,4;6;6,4;6,8;7,6;7,8;6,6;6,2;7;6,8;7,4;7,6;6,2;6;6,8;7,6;7,6;8,4
14/07/2022;1;9,2;7,6;7;9;7,2;7;8,2;6,8;7,2;7,4;7,6;9,6;8,6;7,6;7,6;8,2;6,8;8;8,2;9;7,6;8,4;7,4;6,8;8,4;8;8,9;9,8;8,6;7;7,6;7,6
14/07/2022;2;9,2;7,6;7;9;7,2;7;8,2;6,8;7,2;7,4;7,6;11;8,6;7,6;7,6;8,2;6,8;8;8,2;10;7,6;8,4;7,4;6,8;8,4;8;8,9;11;8,6;7;7,6;7,6
14/07/2022;3;9,2;9,6;7,6;9,2;8,2;10;9;9,4;8,8;9;7,8;8,6;8,8;8;7,8;9,2;8,8;9,4;10;8;7,8;7,2;10;8,8;9,6;7,6;7,2;9;8,2;6,8;8;7,8
14/07/2022;5;8;7,6;9;8;8,6;8,2;7,6;9,4;8,2;8;11;9,4;7,4;9,6;7,8;10;7,8;8,6;9,2;8;10;11;10;7,2;7,8;9,4;8,8;7,4;7,2;8,4;8,2;8
14/07/2022;6;8;7,6;9;8;8,6;8,2;7,6;9,4;8,2;8;11;9,4;7,4;9,6;7,8;10;7,8;8,6;9,2;8;10;11;10;7,2;7,8;9,4;8,8;7,4;7,2;8,4;8,2;8
15/07/2022;1;7,4;8,6;7,2;7,4;6,8;8;7;7;7,6;7,6;7,2;6,8;7,6;7,2;6,8;7,6;7,2;6,8;7,6;8;7,6;6,8;7,4;6,8;8;7,4;7,2;7,2;6,8;7,4;7,2;9,6
15/07/2022;2;8,4;7,4;6,8;6,8;7;9,4;7,6;7;6,8;6,8;7,4;7,2;7,4;6,8;7,2;8,6;7;7,4;7,2;6,8;7;8;7,4;7,8;7,6;8,4;6,8;7,6;7,4;7,6;7,2;7
15/07/2022;3;8;8,8;7,2;7,4;6,8;7,2;7,8;7,4;7,2;6,6;6,6;6,8;7;7,4;6,8;7,6;6,8;8,2;7,2;6,8;7;6,8;7;7,2;7,8;7,4;7,2;6,8;6,2;7,6;6,8;6,8
15/07/2022;4;7,4;7,2;7;8;9,8;7;8,4;7,4;7,2;7,4;6,8;7,4;6,8;7,6;7,2;7;7,6;6,8;6,8;6,8;6,8;6,6;6,4;6,8;6,8;7,4;7,6;6,8;7,4;7;6,8;6,8
15/07/2022;5;9,2;6,8;7,4;7;6,8;6,8;8,4;7,8;7,6;7;6,8;7,2;7,2;7;7;9,4;8,8;8,6;7,4;7,2;7,6;6,8;6,8;7,4;7,6;6,6;6,8;8,2;7,4;7,6;6,8;6,8
15/07/2022;6;7,8;6,8;6,8;7,4;6,2;8,2;7;7,6;7;6,8;7,4;7,2;7;9,2;7,2;7;7;7,6;7,6;6,8;6,6;6,8;7,8;7;9,4;7,4;6,8;6,6;7,2;7;7,8;7,2
18/07/2022;1;7,8;8,4;7,4;8,6;8,4;7,6;7,4;8,2;7,8;7,4;8,6;8,6;8;8,6;7,4;8;7,2;8,6;7,4;9,4;9;8;8,2;8,4;7;8;8,2;9,4;7,8;8,2;7,4;8,2
18/07/2022;2;7;7,4;6,8;7,4;9;7;8,4;7,6;7,8;8,6;7,8;8,4;8,6;8;7,8;8,2;8,4;7,6;7,6;7,8;6,8;8,6;6,8;6,8;8;7,6;8,6;7;7,2;7,8;7,8;7,8
18/07/2022;3;6,8;8,6;7;7,2;7,8;8;7,6;8,4;9,8;7,6;7,4;9;7;6,8;8,2;7,6;7;6,8;7,8;7,4;8,2;8,6;7,8;7,6;8,4;6,8;7,4;8,6;7,2;6,8;7,8;7,6
18/07/2022;4;8,6;8,2;6,8;7,8;6,8;6,6;6,8;6,8;8;7,6;8,4;9,8;7,8;8,4;8,6;7,6;8,4;9,8;7,4;7,6;8,2;7;6,8;8;7,6;7;7,4;6,6;7,4;9;8,6;8
18/07/2022;5;7,4;8,8;9;7,6;7,4;7,2;7;7,4;7,6;9;9,6;7,8;7,2;9;9;7,8;8,8;7,6;7,4;6,8;7,2;6,8;7,6;7,6;7,8;7;8,6;7;7;8,4;8,6;6,8
18/07/2022;6;8,6;7,8;7,8;9,2;8;9,8;8;7,2;7,4;6,8;6,6;7,2;7,8;6,8;6,6;7,2;7,8;6,8;8,4;7,6;8;7;7,4;7,8;8,6;7,6;7;7;6,8;7,6;7,8;7,8
19/07/2022;1;7,8;8;7,6;7,4;8;8;7,8;8,6;7,4;7,6;8,6;9;6,8;8,2;8,4;7,2;7,4;7,2;8,2;7;8,6;7;6,8;7,4;8,6;7,4;8,6;7,4;7;8;7,6;8,6
19/07/2022;2;8,4;8,2;8,6;7,6;8,2;7,2;8;7,8;9;7,8;9,4;8,6;7;7,4;8,4;8;8;7,8;9;9,2;7,4;7,8;8,2;7,4;7,6;8;8,2;7,8;6,8;9,4;7,4;7,8
19/07/2022;3;7,8;7;7,2;6;6,4;9;7,2;6,2;6,8;6,4;6,6;7,2;6,8;7,6;7;6,6;6,8;6,2;8,4;6,6;6,8;7,6;7,4;6,8;6,6;6,2;7,2;6,6;6,2;7,2;6,8;7,4
19/07/2022;4;8,4;8,2;8,2;8;9;7,2;7,6;8;7,8;8,6;9,2;8,4;8,2;8,2;8;9;7,2;7,6;8;8;8,2;8,2;9;8,4;8;8;7,8;8,8;7,8;9,6;7,4;8,2
19/07/2022;5;8,2;8,8;7;7,4;6,8;6,8;8;6,8;6,8;7,6;6,8;8,2;6,8;6,6;8,2;6,2;6,8;7,4;6,6;6,8;6,8;8,4;6,8;6,8;6,2;6,6;7,6;7,4;7,4;6,8;8;6,6
20/07/2022;2;7;9,8;6,8;8,4;8,4;7,8;7,4;8,2;7;9;7;7,8;9,4;7,2;8,4;6,4;6,4;8,6;8,4;6,8;7,2;6,4;8;7;7,6;7,6;9,4;8,6;8,6;9,2;9,4;7,2
20/07/2022;3;7;9,8;6,8;8,4;8,4;7,8;7,4;8,2;7;9;7,2;7,8;9,4;7,4;8,4;6,4;6,4;8,6;8,4;6,8;7,2;6,4;8;7;7,6;7,6;9,4;8,6;8,6;9,2;9,4;7
20/07/2022;4;7,6;9,8;6,8;8,4;8,4;7,8;7,4;8,2;7;9;7;7,8;9,4;7,8;8,4;6,4;6,4;8,6;8,4;6,8;7,2;6,4;8;7;7,6;7,6;9,4;8,6;8,6;9,2;9,4;6,8
20/07/2022;5;6,6;6,2;7,2;6,6;6,4;7,4;6,4;8,6;6,6;6,2;7,2;6,2;6,8;6,4;6,6;7,2;6,8;6,2;6,8;7,8;6;6,8;7,2;7,2;6,8;6,2;7,4;6,8;9,2;7;6,6;6,8
20/07/2022;6;7,6;6,2;8,4;6,6;6,8;7,6;7,4;6,8;6,6;6,2;7,2;6,2;6,8;6,4;6,6;7,2;7,6;7,4;6,8;6,6;7,8;6,6;6,8;6;7,2;7;6,2;8,4;6,6;6,8;6,6;7,2
21/07/2022;1;7,2;6,8;6,6;7;8;8;7,6;8,4;9,8;6,6;6,6;7,4;9;7;6,8;6,8;6,4;7,4;7,6;7,6;7,6;8,4;6,8;7,6;8,4;9;7,6;7;6,2;9,2;7,8;7
21/07/2022;2;6,8;7;7,4;8,4;7;6,6;6,6;6,8;8,6;7;7,2;7,8;8;7,6;8,4;9,8;6,6;7,4;9;7;6,8;7,4;7,6;7,4;9;7;6,8;6,8;6,4;8;7;6,8
21/07/2022;4;6,8;6,8;6,6;6,8;8;7,6;7;7,4;6,6;7;6,8;6,8;6,4;7,8;9;6,8;6,8;6,4;7,4;7,6;7,6;7,6;8,4;6,8;7,6;8,4;9;7,6;7;6,2;6,8;7,4
21/07/2022;5;6,8;7,4;7,8;9;6,8;7;6,4;7;6,2;6,8;6,2;6,6;6,6;8;9;6,8;6,6;6,8;7,6;7,8;6,8;6,4;6,6;7,2;6,8;6,8;7,4;7,4;7,6;7,8;8,6;7
21/07/2022;6;7,6;7,4;6,8;6,8;6,6;6,8;6,6;7,8;6,2;6,8;6,6;6,6;6,4;7,2;6,6;6,4;6,8;6,8;8;7,6;7;7,4;6,6;7,4;9;7;6,8;6,8;6,4;7,8;9;7,6
22/07/2022;1;8,6;8,2;6,8;7,8;6,8;6,6;6,8;6,8;8;7,6;8,4;9,8;7,8;8,4;8,6;7,6;8,4;9,8;7,4;7,6;8,2;7;6,8;8;7,6;7;7,4;6,6;7,4;9;8,6;8
22/07/2022;2;7;7,4;6,8;7,4;9;7;8,4;7,6;7,8;8,6;7,8;8,4;8,6;8;7,8;8,2;8,4;7,6;7,6;7,8;6,8;6,6;6,8;6,8;8;7,6;8,6;7;7,2;7,8;7,8;7,8
22/07/2022;4;6,8;7,8;7,4;8,2;8,6;8;7,6;7;8;7,6;7,2;7,8;6,8;8,6;7;7,2;8,4;8,6;8;7,8;8,2;8,4;7,6;7,6;7,8;6,6;6,8;6,8;8,6;8,4;7,8;7,8
22/07/2022;5;7,4;8;7,6;7,4;6,8;6,4;7,6;7,8;6,6;6,8;6,8;6,8;6,6;7,8;7;7;7,4;7,2;7,6;6,6;7,4;6,6;8,2;6,8;7;9,2;6,8;7,4;6,8;6,4;6,6;7
22/07/2022;6;6,8;8,6;7;7,2;7,8;8;7,6;8,4;9,8;6,6;7,4;9;7;6,8;8,2;7,6;7;6,8;7,8;7,4;8,2;8,6;7,8;7,6;8,4;6,8;7,4;6,6;7,2;6,8;7,8;7,6
25/07/2022;1;8,6;8,2;6,8;7,8;6,8;6,6;6,8;6,8;8;7,6;8,4;9,8;7,8;8,4;8,6;7,6;8,4;9,8;7,4;7,6;8,2;7;6,8;8;7,6;7;7,4;6,6;7,4;9;8,6;8
25/07/2022;2;7;7,4;6,8;7,4;9;7;8,4;7,6;7,8;8,6;7,8;8,4;8,6;8;7,8;8,2;8,4;7,6;7,6;7,8;6,8;6,6;6,8;6,8;8;7,6;8,6;7;7,2;7,8;7,8;7,8
25/07/2022;3;6,8;8,6;7;7,2;7,8;8;7,6;8,4;9,8;6,6;7,4;9;7;6,8;8,2;7,6;7;6,8;7,8;7,4;8,2;8,6;7,8;7,6;8,4;6,8;7,4;6,6;7,2;6,8;7,8;7,6
25/07/2022;4;6,8;7,8;7,4;8,2;8,6;8;7,6;7;8;7,6;7,2;7,8;6,8;8,6;7;7,2;8,4;8,6;8;7,8;8,2;8,4;7,6;7,6;7,8;6,6;6,8;6,8;8,6;8,4;7,8;7,8
25/07/2022;5;10;6,8;6,8;6,8;6,8;7,4;9;7;9,4;6,4;8,4;7;6,8;9,4;6,4;7,6;6,8;6,8;6,8;6,8;6,6;6,8;8,8;7;9,4;8;6,6;9,2;8,8;8,8;6,8;8,2
07/09/2022;2;6,8;7;6,8;7,4;9;7,2;7;8,8;8,6;8;9,8;7;8;7,2;7,6;7,6;7,4;7;8;7,8;8,2;8,8;9,6;7,6;7;7;7;7,4;7,8;7,2;6,8;7,8
07/09/2022;3;8,6;8,4;7,6;8,2;8,4;8,6;7,4;9,2;10;7;7,6;7,4;11;7,6;8,4;9;8;8,2;7,8;8,4;8,4;8;8,6;7,4;8,2;7,8;7;7,8;8,8;6,8;7,8;7,4
07/09/2022;4;7,2;9;8,4;9,4;8,6;9;8;8,8;9,6;11;10;11;9,4;7,8;8,2;8;9,2;8,8;7,2;7;8,6;7,2;8,4;8,2;7;7,2;7;9,6;7,2;7;8,8;9
07/09/2022;5;9,6;7;8;7;8;7,2;7,8;7,4;12;7,6;7,6;7;9;7;9;7;7,6;7,8;8,2;6,8;8;7,8;8,6;7,2;12;7,4;7;8,2;7,8;7,6;7,8;7,6
07/09/2022;6;8;11;7,8;9;8;10;9,6;9,2;8,2;7,6;10;7,4;9;7,4;10;7,4;7;7,6;9;8;7,4;9,4;7,6;7,8;7,8;8;7,8;9;9,4;10;7,2;8
19/09/2022;3;6,4;6,6;7,2;7,2;6,8;6,6;9;7,2;7,2;6,4;7,2;6,8;6,8;6,2;9;7,4;6,2;7;6,8;6,8;7,4;6,8;7;7,2;7,6;8,4;9;7;6,8;6,8;6,6;6,6
19/09/2022;4;6,6;7,2;7,6;7,8;8,8;7;6,8;7;8,8;6,8;9,4;6,6;7,4;7,4;7;7;6,6;6,6;9;9,2;8,8;6,6;6,6;6,6;7,4;7,6;8;8;6,6;6,8;7;7,2
19/09/2022;5;8,6;8,2;6,8;7,8;6,8;6,6;6,8;6,8;8;7,6;8,4;9,8;7,8;8,4;8,6;7,6;8,4;9,8;7,4;7,6;8,2;7;6,8;8;7,6;7;7,4;6,6;7,4;9;8,6;8
19/09/2022;6;7;7,4;6,8;7,4;9;7;8,4;7,6;7,8;8,6;7,8;8,4;8,6;8;7,8;8,2;8,4;7,6;7,6;7,8;6,8;6,6;6,8;6,8;8;7,6;8,6;7;7,2;7,8;7,8;7,8
21/09/2022;1;8,6;7,2;7,4;7;7;6,8;7,4;9,4;6,6;6,8;6,8;8;8,8;6,8;7,2;7;7;7,6;8,8;6,8;7,4;7,8;6,8;7,2;7;7,2;11;7,6;6,4;7;7,8;6,8
21/09/2022;2;10;6,8;6,8;6,8;6,8;7,4;9;7;9,4;6,4;8,4;7;6,8;9,4;6,4;7,6;6,8;6,8;6,8;6,8;6,6;6,8;8,8;7;9,4;8;6,6;9,2;8,8;8,8;6,8;8,2
21/09/2022;3;8,4;8,2;8,2;8;9;7,2;7,6;8;7,8;8,6;9,2;8,4;8,2;8,2;8;9;7,2;7,6;8;8;8,2;8,2;9;8,4;8;8;7,8;8,8;7,8;12;7,4;8,2
21/09/2022;4;7,2;9;8,4;9,4;8,6;9;8;8,8;9,6;9;10;11;9,4;7,8;8,2;8;9,2;8,8;7,2;7;8,6;7,2;8,4;8,2;7;7,2;11;9,6;7,2;7;8,8;9
21/09/2022;5;8,2;8,6;10;7,8;7,6;7,4;8,2;8;11;7,8;9;8;10;9,6;9,2;8,2;7,6;10;7,4;9;7,4;10;7,4;10;8;9;8;7;12;8,6;9;7,2
21/09/2022;6;9,6;7;8;7;8;7,2;7,8;7,4;9;8,6;7,6;7;9;7;9;7;7,6;7,8;8,2;7,8;8;7,8;8,6;7,2;12;7,4;7;8,2;7,8;7,6;7,8;7,6
21/09/2022;2;8;7,4;9,4;7,6;7,8;7,8;8;7,8;9;9,4;7;7,2;8,6;7;9,6;7,2;9;8,4;9,4;8,6;9;8;8,4;8,2;7;7,2;7;9,6;7,2;7;8,8;9
21/09/2022;3;6,8;7,4;7,8;7,6;8,4;6,8;7,4;6,8;6,8;7;7,6;7,8;7,6;9,2;7;7,6;7,8;7,8;7,6;8,4;6,8;7,4;6,6;6,8;6,8;8;7,6;7;7,8;8,2;8,6;7,6
21/09/2022;5;6,8;7;7,8;8,2;7,8;7,6;8,4;6,8;7,4;6,6;6,8;6,8;8;7,6;7;8;7,6;7;7,4;6,8;7,4;9;7;7,8;6,8;7,4;7,8;7,6;8,4;6,8;7,4;7,8
21/09/2022;6;7,8;6,8;8;7,6;7;8;7,6;7;7,4;6,8;7,6;7,6;9,4;8,6;8;7,6;7,8;6,8;7,4;8,8;6,8;7,6;8,4;6,8;7,4;6,8;6,8;7;7,6;7,8;6,8;8,4
22/09/2022;3;8,4;8,2;8,2;8;9;7,2;7,6;8;8,2;8,6;7,4;7,8;9;7,8;8,4;8;7,4;8,8;7,6;8,4;8,2;8,2;8;8,4;8,2;8,2;8;9;7,2;7,6;8,6;8
22/09/2022;4;8,4;8,2;8,2;8;9;7,2;7,6;8;8,8;7,8;11;7,4;8,8;7,6;8,4;8,2;7,4;8,8;7,6;8,4;8,2;8,2;8;8,4;8,2;8,2;8;9;7,2;7,6;9,8;9,6
22/09/2022;5;6,4;6,6;7,2;7,2;6,8;6,6;9;7,2;7,2;6,4;7,2;6,8;6,8;6,2;9;7,4;6,2;7;6,8;6,8;7,4;6,8;7;7,2;7,6;8,4;9;7;6,8;6,8;6,6;6,6
22/09/2022;6;6,6;7,2;7,6;7,8;8,8;7;6,8;7;8,8;6,8;9,4;6,6;7,4;7,4;7;7;6,6;6,6;9;9,2;8,8;6,6;6,6;6,6;7,4;7,6;8;8;6,6;6,8;7;7,2
23/09/2022;3;7;6,8;6,6;6,6;8;9;6,8;6,6;6,8;7,6;7,8;6,8;6,6;7,8;8,6;8,2;7,8;8,2;6,8;7,6;7,8;7,8;7,6;8,4;6,8;7;7,8;6,8;6,6;6,8;6,8;7
23/09/2022;4;7,8;7,4;6,8;6,6;7;6,8;6,8;7,4;6,8;7,4;7,8;7,6;8,4;6,8;7,4;6,6;6,8;6,8;8;7,6;7;7,4;6,6;7,4;9;7;6,8;6,8;8,6;8,4;7,8;9
23/09/2022;5;6,8;7,4;7,8;7,6;8,4;6,8;7,4;6,8;6,8;7;7,6;7,8;7,6;9,2;7;7,6;7,8;7,8;7,6;8,4;6,8;7,4;6,6;6,8;6,8;8;7,6;7;7,8;8,2;8,6;7,6
23/09/2022;6;6,8;7;7,8;8,2;7,8;7,6;8,4;6,8;7,4;6,6;6,8;6,8;8;7,6;7;8;7,6;7;7,4;6,8;7,4;9;7;7,8;6,8;7,4;7,8;7,6;8,4;6,8;7,4;7,8
27/09/2022;1;6,8;6,8;6,6;6,8;8;7,6;7;7,4;6,6;7;6,8;6,8;6,4;7,8;9;6,8;6,8;6,4;7,4;7,6;7,6;7,6;8,4;6,8;7,6;8,4;9;7,6;7;6,2;6,8;7,4
27/09/2022;2;6,8;7,4;7,8;9;6,8;7;6,4;7;6,2;6,8;6,2;6,6;6,6;8;9;6,8;6,6;6,8;7,6;7,8;6,8;6,4;6,6;7,2;6,8;6,8;7,4;7,4;7,6;7,8;8,6;7
27/09/2022;4;6,8;7,6;6,8;8;7,6;7;7,4;6,6;7;6,8;6,8;7,4;6,8;7,4;7,8;7,6;8,4;6,8;7,4;6,6;7,2;6,8;6,8;7,4;7,4;7,6;7,8;8,6;7;7,6;8,8;6,8
27/09/2022;6;7,6;7,4;6,8;6,8;6,6;6,8;6,6;7,8;6,2;6,8;6,6;6,6;6,4;7,2;6,6;6,4;6,8;6,8;8;7,6;7;7,4;6,6;7,4;9;7;6,8;6,8;6,4;7,8;9;7,6
29/09/2022;1;8,6;8,2;6,8;7,8;6,8;6,6;6,8;6,8;8;7,6;8,4;9,8;7,8;8,4;8,6;7,6;8,4;9,8;7,4;7,6;8,2;7;6,8;8;7,6;7;7,4;6,6;7,4;9;8,6;8
29/09/2022;2;7;7,4;6,8;7,4;9;7;8,4;7,6;7,8;8,6;7,8;8,4;8,6;8;7,8;8,2;8,4;7,6;7,6;7,8;6,8;6,6;6,8;6,8;8;7,6;8,6;7;7,2;7,8;7,8;7,8
29/09/2022;3;6,8;8,6;7;7,2;7,8;8;7,6;8,4;8,8;6,6;7,4;9;7;6,8;8,2;7,6;7;6,8;7,8;7,4;8,2;8,6;7,8;7,6;8,4;6,8;7,4;6,6;7,2;6,8;7,8;7,6
29/09/2022;4;7,2;6,4;6,8;6,8;7,4;8;7,8;7,4;7,8;7;7,4;8,6;7,6;6,4;8,4;6,8;7;7,8;6,8;7,8;7,8;8;6,8;7,2;7;7,4;7,6;7,8;7,6;6,8;7,6;7,2
29/09/2022;5;6,8;8,4;7,2;6,8;7,2;8;6,8;7;6,8;7;6,8;6,8;6,8;6,4;7,6;7,4;6,8;7,2;7,2;8,6;7;7;7;7,8;6,8;6,8;6,6;8,8;8,8;7;6,6;6,8
29/09/2022;6;8;8,6;7,8;6,6;6,8;6,8;6,6;7,2;7,4;6,6;6,6;6,8;7;7,2;6,8;6,8;7,2;6,8;7,6;7,2;6,8;6,8;8,6;7,4;6,8;6,8;6,8;6,6;7,2;7,4;8,6;7,2
30/09/2022;1;7,8;6,8;6,8;7,4;6,6;8,2;7;7,6;7;6,8;7,4;7,2;7;9,2;7,2;7;7;7,6;7,6;6,8;6,6;6,8;7,8;7;8,4;7,4;6,8;6,6;7,2;7;7,8;7,2
30/09/2022;2;7,8;7,4;8,2;8,6;8;7,6;7;8;7,6;7;7,4;6,8;7,4;9;7;8,4;7,6;7,8;8,6;8,2;7,6;7;6,8;8,6;7;7,2;7,8;6,8;8,6;7;7,2;7,8
30/09/2022;3;8,6;8,2;6,8;7,8;6,8;6,6;6,8;6,8;8;7,6;8,4;9,8;7,8;8,4;8,6;7,6;8,4;9,8;7,4;7,6;8,2;7;6,8;8;7,6;7;7,4;6,6;7,4;9;8,6;8
30/09/2022;4;7;7,4;6,8;7,4;9;7;8,4;7,6;7,8;8,6;7,8;8,4;8,6;8;7,8;8,2;8,4;7,6;7,6;7,8;6,8;6,6;6,8;6,8;8;7,6;8,6;7;7,2;7,8;7,8;7,8
30/09/2022;5;6,8;8,6;7;7,2;7,8;8;7,6;8,4;9,8;6,6;7,4;9;7;6,8;8,2;7,6;7;6,8;7,8;7,4;8,2;8,6;7,8;7,6;8,4;6,8;7,4;6,6;7,2;6,8;7,8;7,6
30/09/2022;6;6,8;7,8;7,4;8,2;8,6;8;7,6;7;8;7,6;7,2;7,8;6,8;8,6;7;7,2;8,4;8,6;8;7,8;8,2;8,4;7,6;7,6;7,8;6,6;6,8;6,8;8,6;8,4;7,8;7,8
03/10/2022;1;6,8;7,4;6,8;6,2;6,6;7,6;8,2;7,6;8,8;6,2;7;6,6;6,6;7,2;7;8;6,8;6,8;6,6;7;10;8,8;7;7,2;6,8;8,4;6,6;6,8;7,4;6,2;8,4;8,4
03/10/2022;2;8,6;7,2;7,4;7;7;6,8;7,4;9,4;6,6;6,8;6,8;8;8,8;6,8;7,2;7;7;7,6;8,8;6,8;7,4;7,8;6,8;7,2;7;7,2;11;7,6;6,4;7;7,8;6,8
03/10/2022;3;8,6;8,2;6,8;7,8;6,8;6,6;6,8;6,8;8;7,6;8,4;9,8;7,8;8,4;8,6;7,6;8,4;9,8;7,4;7,6;8,2;7;6,8;8;7,6;7;7,4;6,6;7,4;9;8,6;8
03/10/2022;4;6,6;7;6,6;6;8,2;11;9;6,8;7;8,2;6,2;6,8;6,4;7;7;6,6;6,6;6,8;7;7,6;7,2;6,8;7,6;6,6;7,4;7,2;7;6,6;7,2;7,2;8,4;7,1
03/10/2022;5;7,8;6,4;8,4;6,8;7,4;7;8;7;7;7;8,6;7,4;6,8;7,8;6,4;7,2;7;7;6,8;7,4;6,6;8,4;6,8;7;6,8;6,8;7,4;7,2;7;8;8,4;7,2
03/10/2022;6;8,2;6,8;7;6,8;7;7,4;7;7,8;6,8;7,8;8;7;7,8;8,2;6,8;9;7,8;6,8;8;6,8;7,4;8;8,6;8,4;7,4;7,2;7,2;6,8;6,8;7,4;7,2;7,4
04/10/2022;1;8,6;8,2;6,8;7,8;6,8;6,6;6,8;6,8;8;7,6;8,4;9,8;7,8;8,4;8,6;7,6;8,4;9,8;7,4;7,6;8,2;7;6,8;8;7,6;7;7,4;6,6;7,4;9;8,6;8
04/10/2022;2;7;7,4;6,8;7,4;9;7;8,4;7,6;7,8;8,6;7,8;8,4;8,6;8;7,8;8,2;8,4;7,6;7,6;7,8;6,8;6,6;6,8;6,8;8;7,6;8,6;7;7,2;7,8;7,8;7,8
04/10/2022;3;6,8;8,6;7;7,2;7,8;8;7,6;8,4;9,8;6,6;7,4;9;7;6,8;8,2;7,6;7;6,8;7,8;7,4;8,2;8,6;7,8;7,6;8,4;6,8;7,4;6,6;7,2;6,8;7,8;7,6
04/10/2022;4;6,8;7,8;7,4;8,2;8,6;8;7,6;7;8;7,6;7,2;7,8;6,8;8,6;7;7,2;8,4;8,6;8;7,8;8,2;8,4;7,6;7,6;7,8;6,8;6,6;6,8;8,6;8,4;7,8;7,8
04/10/2022;5;7,8;7,4;8,2;8,6;8;7,6;7;8;7,6;7;7,4;6,8;7,4;9;7;8,4;7,6;7,8;8,6;6,8;8;7,8;7,6;8,4;6,8;7,6;7,4;7;6,8;7;7,2;7,8
04/10/2022;6;6,8;6,6;6,8;6,8;8;7,2;6,8;6,8;7,4;7,6;8,4;9,8;7,8;8,4;8,6;7,8;8,2;8,4;7,6;7,6;7,8;6,8;6,6;6,8;6,8;8;7,6;6,8;7,6;7,4;6,8;8
06/10/2022;1;9,6;7;8;7;8;7,2;7,8;7,4;9;8,6;7,6;7;9;7;9;7;7,6;7,8;8,2;7,8;8;7,8;8,6;7,2;12;7,4;7;8,2;7,8;7,6;7,8;7,6
06/10/2022;2;12;12;7,4;8,4;8,2;12;8,8;7,6;8,4;8,2;7,8;9;8,8;10;10;8,2;8,6;10;7,8;12;8,6;11;8,4;8,6;9,2;8;8,8;7,8;8,2;8,2;9,4;8,6
06/10/2022;3;7,8;8,4;7,4;8,6;8,4;7,6;7,4;8,2;7,8;7,4;8,6;8,6;8;8,6;7,4;8;7,2;8,6;7,4;9,4;9;8;8,2;8,4;7;8;8,2;9,4;7,8;8,2;7,4;8,2
06/10/2022;4;7;7,4;6,8;7,4;9;7;8,4;7,6;7,8;8,6;7,8;8,4;8,6;8;7,8;8,2;8,4;7,6;7,6;7,8;6,8;8,6;6,8;6,8;8;7,6;8,6;7;7,2;7,8;7,8;7,8
06/10/2022;5;6,8;8,6;7;7,2;7,8;8;7,6;8,4;9,8;7,6;7,4;9;7;6,8;8,2;7,6;7;6,8;7,8;7,4;8,2;8,6;7,8;7,6;8,4;6,8;7,4;8,6;7,2;6,8;7,8;7,6
06/10/2022;6;8,6;8,2;7,8;7,8;6,8;9,6;6,8;6,8;8;7,6;8,4;9,8;7,8;8,4;8,6;7,6;8,4;9,8;7,4;7,6;8,2;7;6,8;8;7,6;7;7,4;9,6;7,4;9;8,6;8
07/10/2022;2;7;6,8;7;7,6;8;7,6;6,8;7;7,8;10;7,6;8,6;6,8;7,2;8,8;7;8,6;7,2;6,8;7,6;9,4;9,8;8;7,4;7,4;6,8;7,4;7,8;7,8;7,4;9,8;8
07/10/2022;3;7,4;8,8;9;7,6;7,4;7,2;7;7,4;7,6;12;9,6;7,8;7,2;9;9;7,8;8,8;7,6;7,4;6,8;7,2;6,8;7,6;7,6;7,8;7;8,6;7;7;8,4;8,6;6,8
07/10/2022;4;8,6;7,8;7,8;9,2;8;11;8;7,2;7,4;6,8;6,6;7,2;7,8;6,8;6,6;7,2;7,8;6,8;8,4;7,6;8;7;7,4;7,8;8,6;7,6;7;7;6,8;7,6;7,8;7,8
07/10/2022;6;7;10;8,2;7,2;6,8;6,6;6,6;9,4;10;6,8;6,8;6,8;8;6,6;7,4;7;7;7;6,6;6,6;6,8;7,6;7;11;7,2;6,8;6,6;6,8;7;7;7,6;6,6
10/10/2022;1;8;6,8;8,8;6,6;6,2;6,8;8;8,4;7,4;8,2;6,4;6,8;6,2;8,6;6,8;6,4;6,6;7,4;6,8;6,8;7,2;8,6;7,6;9;6,6;6,8;7;6,8;6,8;7,6;6,6;8,2
10/10/2022;2;8,2;8,8;7,6;6,6;7,6;6,2;8,4;6,6;6,8;7,6;7,4;6,8;6,6;7,8;6,6;6,8;7,2;6,4;6,8;7,4;8,2;6,8;6,2;7,2;6,6;6,2;7,2;6,6;6,4;7,4;6,4;8,6
10/10/2022;3;7,6;7;6,2;9,2;7,8;8;7,6;8,4;9,8;6,6;6,6;6,8;6,6;7,8;6,6;7,6;7,6;6,4;6,8;6,6;6,6;7,4;7,2;8,2;10;8,6;8,4;7,6;6,8;6,6;6,4;6,4
10/10/2022;4;8;8,2;8,6;7;8,6;6,8;7,6;6,6;7;7;6,8;8,6;7;6,6;7,2;6,6;6,8;7,2;7;6,6;7,4;9,4;8,8;7,6;6,8;8,2;9,2;6,6;6,8;6,6;6,8;6,6
10/10/2022;6;6,4;6,8;7,4;6,8;7,4;6,8;7,6;8,4;6,8;6,4;7,2;6,8;6,8;7;6,8;6,6;6,8;6,6;6,8;7,4;7;6,8;10;7,8;6,8;6,4;6,8;8;6,8;6,6;10;7,6
11/10/2022;1;6,8;9,4;7,2;6,8;7,2;8;6,8;7;6,8;7;6,8;6,8;6,8;6,4;7,6;7,4;6,8;7,2;7,2;8,6;7;7;7;7,8;6,8;6,8;6,6;9,2;8,8;7;6,6;6,8
11/10/2022;2;7,6;7;8,8;9,4;7,4;6,8;7;7,8;7,6;7,2;7,6;7,2;7,6;7,2;7,6;6,8;6,8;6,8;9;8;7,2;7,4;7;7,4;7,2;6,6;8,6;7;6,8;7,8;7,6;7,2
11/10/2022;3;7,4;8,6;7,2;7,4;6,8;8;7;7;7,6;7,6;7,2;6,8;7,6;7,2;6,8;7,6;7,2;6,8;7,6;8;7,6;6,8;7,4;6,8;8;7,4;7,2;7,2;6,8;7,4;7,2;9,6
11/10/2022;4;8,4;7,4;6,8;6,8;7;9,4;7,6;7;6,8;6,8;7,4;7,2;7,4;6,8;7,2;8,6;7;7,4;7,2;6,8;7;8;7,4;7,8;7,6;8,4;6,8;7,6;7,4;7,6;7,2;7
11/10/2022;6;8;8,8;7,2;7,4;6,8;7,2;7,8;7,4;7,2;6,6;6,6;6,8;7;7,4;6,8;7,6;6,8;8,2;7,2;6,8;7;6,8;7;7,2;7,8;7,4;7,2;6,8;6,2;7,6;6,8;6,8
13/10/2022;2;6,8;9,4;7,2;6,8;7,2;8;6,8;7;6,8;7;6,8;6,8;6,8;6,4;7,6;7,4;6,8;7,2;7,2;8,6;7;7;7;7,8;6,8;6,8;6,6;9,2;8,8;7;6,6;6,8
13/10/2022;3;8;8,6;7,8;6,6;6,8;6,8;6,6;7,2;7,4;6,6;6,6;6,8;7;7,2;6,8;6,8;7,2;6,8;7,6;7,2;6,8;6,8;8,6;7,4;6,8;6,8;6,8;6,6;7,2;7,4;8,6;7,2
13/10/2022;4;6,8;7,2;6,6;6,4;7,4;6,4;8,6;6,6;7,2;6,8;6,8;7,4;7,2;7,6;7;6,6;6,8;6,2;6,4;7,6;6,2;8,4;6,6;6,8;7,6;7,4;6,8;6,6;6,2;7,2;6,8;7,4
13/10/2022;6;9;6,8;9,2;7;6,8;7,8;8,6;6,6;6,8;6,6;6,8;7,2;6,8;6,6;6,6;6,2;8;6,4;9;7;7,2;9;6,4;9;8,2;9,2;7;6,8;6,6;8,6;6,6;6,8
14/10/2022;2;8,6;7,8;7,8;9,2;8;9,8;8;7,2;7,4;6,8;6,6;7,2;7,8;6,8;6,6;7,2;7,8;6,8;8,4;7,6;8;7;7,4;7,8;8,6;7,6;7;7;6,8;7,6;7,8;7,8
14/10/2022;3;7,8;8;7,6;7,4;8;8;7,8;8,6;7,4;7,6;8,6;9;6,8;8,2;8,4;7,2;7,4;7,2;8,2;7;8,6;7;6,8;7,4;8,6;7,4;8,6;7,4;7;8;7,6;8,6
14/10/2022;4;6,8;7;7,8;8,2;7,8;7,6;8,4;6,8;7,4;6,6;6,8;6,8;8;7,6;7;8;7,6;7;7,4;6,8;7,4;9;7;7,8;6,8;7,4;7,8;7,6;8,4;6,8;7,4;7,8
14/10/2022;5;7,8;6,8;8;7,6;7;8;7,6;7;7,4;6,8;7,6;7,6;9,4;8,6;8;7,6;7,8;6,8;7,4;8,8;6,8;7,6;8,4;6,8;7,4;6,8;6,8;7;7,6;7,8;6,8;8,4
14/10/2022;6;7,4;8,8;9;7,6;7,4;7,2;7;7,4;7,6;9,6;9,6;7,8;7,2;9;9;7,8;8,8;7,6;7,4;6,8;7,2;6,8;7,6;7,6;7,8;7;8,6;7;7;8,4;8,6;6,8
17/10/2022;2;6,6;7,6;6,2;8,4;6,6;6,8;7,6;7,4;6,8;6,6;7,2;7,4;6,8;9,2;7;6,6;6,8;7,4;7;6,6;6,8;7,6;7,4;6,8;6,6;7,8;6,6;6,8;6,2;7,2;7;6,8
17/10/2022;3;6,6;6,2;7,2;6,6;6,4;7,4;6,4;8,6;6,6;6,2;7,2;6,2;6,8;6,4;6,6;7,2;6,8;6,2;6,8;7,8;6,8;6,8;7,2;7,2;6,8;6,2;7,4;6,8;9,2;7;6,6;6,8
17/10/2022;4;7,6;6,2;8,4;6,6;6,8;7,6;7,4;6,8;6,6;6,2;7,2;6,2;6,8;6,4;6,6;7,2;7,6;7,4;6,8;6,6;7,8;6,6;6,8;6,6;7,2;7;6,2;8,4;6,6;6,8;6,6;7,2
17/10/2022;5;7,2;6,4;6,8;6,8;7,4;8;7,8;7,4;7,8;7;7,4;8,6;7,6;6,4;8,4;6,8;7;7,8;6,8;7,8;7,8;8;6,8;7,2;7;7,4;7,6;7,8;7,6;6,8;7,6;7,2
17/10/2022;6;8;8,6;7,8;6,6;6,8;6,8;6,6;7,2;7,4;6,6;6,6;6,8;7;7,2;6,8;6,8;7,2;6,8;7,6;7,2;6,8;6,8;8,6;7,4;6,8;6,8;6,8;6,6;7,2;7,4;8,6;7,2
18/10/2022;3;12;12;7,4;8,4;8,2;12;8,8;7,6;8,4;8,2;7,8;9;8,8;10;10;8,2;8,6;10;7,8;12;8,6;11;8,4;8,6;9,2;8;8,8;7,8;8,2;8,2;9,4;8,6
18/10/2022;4;7,8;8,4;7,4;8,6;8,4;7,6;7,4;8,2;7,8;7,4;8,6;8,6;8;8,6;7,4;8;7,2;8,6;7,4;9,4;9;8;8,2;8,4;7;8;8,2;9,4;7,8;8,2;7,4;8,2
18/10/2022;5;7;7,4;6,8;7,4;9;7;8,4;7,6;7,8;8,6;7,8;8,4;8,6;8;7,8;8,2;8,4;7,6;7,6;7,8;6,8;8,6;6,8;6,8;8;7,6;8,6;7;7,2;7,8;7,8;7,8
19/10/2022;1;8;11;7,8;9;8;10;9,6;9,2;8,2;7,6;10;7,4;9;7,4;10;7,4;7;7,6;9;8;7,4;9,4;7,6;7,8;7,8;8;7,8;9;9,4;10;7,2;8
19/10/2022;3;9,4;7,6;8,2;8;10;7;7,4;8,2;7,6;10;8,6;7,4;7,4;9,8;7,4;8,2;8;7,4;11;8,8;8,4;8,2;8,6;7,8;11;8,6;7,6;8,6;10;7,4;8;9,2
19/10/2022;5;7,2;9;8,4;9,4;8,6;9;8;8,8;9,6;11;10;11;9,4;7,8;8,2;8;9,2;8,8;7,2;7;8,6;7,2;8,4;8,2;7;7,2;7;9,6;7,2;7;8,8;9
19/10/2022;6;8,6;8,4;7,6;8,2;8,4;8,6;7,4;9,2;10;7;7,6;7,4;11;7,6;8,4;9;8;8,2;7,8;8,4;8,4;8;8,6;7,4;8,2;7,8;7;7,8;8,8;6,8;7,8;7,4
25/10/2022;2;9,6;7;8;7;8;7,2;7,8;7,4;9,8;7,6;7,6;7;9;7;9;7;7,6;7,8;8,2;6,8;8;7,8;8,6;7,2;9,6;7,4;7;8,2;7,8;7,6;7,8;7,6
25/10/2022;3;8;9;7,8;9;8;9,8;9,6;9,2;8,2;7,6;8,8;7,4;9;7,4;9,6;7,4;7;7,6;9;8;7,4;9,4;7,6;7,8;7,8;8;7,8;9;9,4;9,8;7,2;8
25/10/2022;4;8,2;8,6;9;7,8;7,6;7,4;8,2;8;9,2;7,8;9;8;8,6;9,6;9,2;8,2;7,6;9,6;7,4;9;7,4;8,8;7,4;9,8;8;9;8;7;9;8,6;9;7,2
25/10/2022;6;9,4;7,6;8,2;8;8,8;7;7,4;8,2;7,6;9,2;8,6;7,4;7,4;9,8;7,4;8,2;8;7,4;9,6;8,8;8,4;8,2;8,6;7,8;9,4;8,6;7,6;8,6;9;7,4;8;9,2
26/10/2022;1;9,8;12;8,6;10;8,4;8,8;9,4;10;9,4;8,6;8,6;9,8;7,4;11;10;8,4;9,4;9,2;10;10;8,6;8,8;9;12;9,4;8,6;9,6;10;10;13;10;8,6
26/10/2022;2;9,8;12;9,2;9,6;9,4;10;8,4;11;9,6;13;7,6;10;10;13;12;9,4;9,2;10;9,8;8,8;10;9,2;9,6;11;10;8,2;10;8,8;9,6;10;10;9,8
26/10/2022;5;7,2;7,8;8,4;8;8;9;12;8;8;8;9;9,4;9,4;11;8,2;9,4;8,8;8;10;12;8,4;7,4;7,8;10;8,2;12;11;8;9,2;8,4;9;9,2
26/10/2022;6;7,8;9,4;9,4;8,8;8,4;8,8;8,4;8,4;8,6;8,6;8;10;7,8;9,6;9,4;13;13;9;8,8;8;11;8;7,4;9,8;8;9;9;9,8;8,6;8,8;7,8;8,6
27/10/2022;1;12;12;7,4;8,4;8,2;12;8,8;7,6;8,4;8,2;7,8;9;8,8;10;10;8,2;8,6;10;7,8;12;8,6;11;8,4;8,6;9,2;8;8,8;7,8;8,2;8,2;9,4;8,6
27/10/2022;3;9,6;9,8;9;8,8;8,4;8,6;8,8;9,8;9;8,4;8,8;8,2;8,6;9,2;9,4;8;14;12;8,8;8,4;8,6;8,8;9,8;7,8;7,6;8,8;8,4;8,6;8,8;9,2;9,4;8,8
27/10/2022;4;9,6;9,8;15;12;9,8;7,8;7,8;10;8,6;8,4;9;9,8;9;8,8;8,4;9,8;9;8,4;8,8;8,2;8,6;9,8;9,6;7,8;8;8,4;8,8;8,2;8,6;8,8;9;8,6
27/10/2022;5;8,4;9,8;9;8,4;8,8;8,2;8,6;9,8;9,6;7,8;8;8,4;8,6;8,6;8,4;8,6;8,8;9,8;9;8,4;8,8;12;9,8;7,8;7,8;10;8,6;8,4;9;9,2;8,6;8,8
27/10/2022;6;8,6;8,4;9;9;8,4;8,8;8,2;8,2;8,6;9,2;9,4;8;16;12;8,8;8,4;8,6;8,8;8,2;8,6;9,2;9,4;8;7,8;8,6;8,8;8,4;8,6;8,8;8,4;8,6;8,8
28/10/2022;1;8;8;7,8;8,8;7,8;11;7,4;7,6;8;8,2;8,2;9;8,4;8,4;8,2;8;8,2;8,2;9;8,4;8;7,8;8,8;7,8;13;7,4;8;8,2;8,8;9;8,6;7,8
28/10/2022;2;9,6;9,8;9;8,8;8,4;8,6;8,8;9,8;9;8,4;8,8;8,2;8,6;9,2;9,4;8;14;12;8,8;8,4;8,6;8,8;9,8;7,8;7,6;8,8;8,4;8,6;8,8;9,2;9,4;8,8
28/10/2022;3;9,6;7;8;7;8;7,2;7,8;7,4;16;7,6;7,6;7;9;7;9;7;7,6;7,8;8,2;6,8;8;7,8;8,6;7,2;12;7,4;7;8,2;7,8;7,6;7,8;7,6
28/10/2022;4;8;11;7,8;9;8;10;9,6;9,2;8,2;7,6;10;7,4;9;7,4;10;7,4;7;7,6;9;8;7,4;9,4;7,6;7,8;7,8;8;7,8;9;9,4;15;7,2;8
28/10/2022;5;8,2;8,6;12;7,8;7,6;7,4;8,2;8;11;7,8;9;8;10;9,6;9,2;8,2;7,6;10;7,4;9;7,4;10;7,4;10;8;9;8;7;12;8,6;9;7,2
28/10/2022;6;7,2;9;8,4;9,4;8,6;9;8;8,8;9,6;16;10;11;9,4;7,8;8,2;8;9,2;8,8;7,2;7;8,6;7,2;8,4;8,2;7;7,2;7;9,6;7,2;7;8,8;9
02/11/2022;1;8,4;8,2;8,2;8;9;7,2;7,6;8;8,8;7,8;9;7,4;8,8;7,6;8,4;8,2;7,4;8,8;7,6;8,4;8,2;8,2;8;8,4;8,2;8,2;8;9;7,2;7,6;9,8;9,6
02/11/2022;2;8;8;7,8;8,8;7,8;8,6;7,4;7,6;8;8,2;8,2;9;8,4;8,4;8,2;8;8,2;8,2;9;8,4;8;7,8;8,8;7,8;9,8;7,4;8;8,2;8,8;9;8,6;7,8
02/11/2022;3;8,4;8,2;8,2;8;9;7,2;7,6;8;7,8;8,6;9,2;8,4;8,2;8,2;8;9;7,2;7,6;8;8;8,2;8,2;9;8,4;8;8;7,8;8,8;7,8;9,2;7,4;8,2
02/11/2022;4;9;8,4;8,4;8,2;8,2;8;9;8,4;8,2;8,2;8;9;7,2;7,6;8;8,2;8,2;9;8,4;8,4;8,2;8,2;8;9;7,2;7,6;8;8,2;8,2;9;8,4;8,4
02/11/2022;5;7,2;7,6;8;8,2;8,2;9;8,4;8,4;8,2;8,2;8;9;7,2;7,6;8;8,2;8,2;9;8,4;8,4;8,2;8,2;8;9;7,2;7,6;8;8,8;8,6;9;8,6;9
03/11/2022;1;8;8,6;7,8;9,4;8,8;7,8;9,6;7,2;7,4;10;12;8,6;7;7,2;11;7,8;7,2;9,8;7,6;7,2;7,4;7,4;8,6;7,4;8,4;8,2;9;9,8;7,2;7,4;8,6;7,2
03/11/2022;2;7,2;9;8,4;9,4;8,6;9;8;8,8;9,6;11;10;11;9,4;7,8;8,2;8;9,2;8,8;7,2;7;8,6;7,2;8,4;8,2;7;7,2;7;9,6;7,2;7;8,8;9
03/11/2022;3;8,2;8,6;12;7,8;7,6;7,4;8,2;8;11;7,8;9;8;10;9,6;9,2;8,2;7,6;10;7,4;9;7,4;10;7,4;10;8;9;8;7;12;8,6;9;7,2
03/11/2022;5;8,2;8,6;10;7,8;7,6;7,4;8,2;8;11;7,8;9;8;10;9,6;9,2;8,2;7,6;10;7,4;9;7,4;10;7,4;10;8;9;8;7;12;8,6;9;7,2
03/11/2022;6;8,4;8,2;7,6;7,6;8,4;8,8;7,6;7;7,8;7,6;7,4;7;8;8,4;7,8;7,4;7,8;7;7,6;7,4;7,4;7,4;12;11;9,4;7;7,4;7,6;8,6;7,4;7,6;7
04/11/2022;1;8,2;7,4;8,2;7,8;7,2;8,2;7,4;7;9,6;8,6;9;7;9;7,8;7,2;7,6;8;7;7,2;7;9,8;10;12;9,2;7,4;7,2;7,2;8,2;7;8;7;7,6
04/11/2022;2;8,4;8,2;8,2;8;9;7,2;7,6;8;7,8;8,6;9,2;8,4;8,2;8,2;8;9;7,2;7,6;8;8;8,2;8,2;9;8,4;8;8;7,8;8,8;7,8;12;7,4;8,2
04/11/2022;3;7,2;9;8,4;9,4;8,6;9;8;8,8;9,6;9;10;11;9,4;7,8;8,2;8;9,2;8,8;7,2;7;8,6;7,2;8,4;8,2;7;7,2;11;9,6;7,2;7;8,8;9
04/11/2022;5;9,6;7;8;7;8;7,2;7,8;7,4;9;8,6;7,6;7;9;7;9;7;7,6;7,8;8,2;7,8;8;7,8;8,6;7,2;12;7,4;7;8,2;7,8;7,6;7,8;7,6
04/11/2022;6;8,2;8,6;10;7,8;7,6;7,4;8,2;8;11;7,8;9;8;10;9,6;9,2;8,2;7,6;10;7,4;9;7,4;10;7,4;10;8;9;8;7;12;8,6;9;7,2
